id,label
1,1
2,1
3,1
4,1
5,1
6,1
7,1
8,1
9,1
10,1
11,1
12,0
13,0
14,1
15,1
16,1
17,1
18,1
19,0
20,0
21,1
22,1
23,0
24,1
25,1
26,1
27,1
28,1
29,1
30,0
31,1
32,1
33,1
34,0
35,0
36,1
37,0
38,1
39,1
40,0
41,1
42,1
43,1
44,0
45,0
46,0
47,1
48,1
49,1
50,1
51,0
52,1
53,1
54,0
55,0
56,1
57,1
58,0
59,0
60,1
61,1
62,0
63,0
64,0
65,1
66,1
67,0
68,0
69,1
70,1
71,1
72,1
73,0
74,0
75,0
76,1
77,0
78,1
79,0
80,0
81,0
82,0
83,0
84,0
85,1
86,0
87,0
88,1
89,0
90,1
91,0
92,1
93,0
94,0
95,1
96,0
97,0
98,0
99,1
100,0
101,1
102,1
103,1
104,0
105,0
106,1
107,0
108,0
109,1
110,1
111,1
112,1
113,1
114,0
115,1
116,0
117,0
118,1
119,0
120,0
121,0
122,0
123,1
124,1
125,1
126,0
127,0
128,1
129,1
130,0
131,1
132,0
133,0
134,1
135,0
136,0
137,0
138,0
139,0
140,0
141,0
142,0
143,0
144,0
145,1
146,1
147,1
148,0
149,0
150,1
151,0
152,0
153,0
154,0
155,0
156,1
157,1
158,1
159,1
160,1
161,0
162,0
163,1
164,0
165,1
166,0
167,0
168,0
169,0
170,1
171,0
172,0
173,1
174,0
175,0
176,0
177,1
178,1
179,1
180,1
181,0
182,1
183,0
184,0
185,1
186,0
187,1
188,1
189,0
190,0
191,1
192,0
193,0
194,1
195,0
196,0
197,0
198,1
199,1
200,0
201,1
202,0
203,1
204,0
205,1
206,1
207,1
208,1
209,1
210,1
211,0
212,1
213,1
214,1
215,0
216,1
217,0
218,0
219,1
220,0
221,0
222,0
223,0
224,1
225,1
226,0
227,1
228,1
229,0
230,0
231,0
232,0
233,1
234,0
235,1
236,0
237,0
238,1
239,0
240,0
241,1
242,1
243,1
244,0
245,1
246,1
247,0
248,0
249,1
250,0
251,1
252,0
253,1
254,1
255,1
256,1
257,0
258,0
259,0
260,1
261,0
262,1
263,1
264,0
265,0
266,1
267,1
268,0
269,1
270,1
271,1
272,0
273,1
274,0
275,1
276,1
277,1
278,1
279,1
280,1
281,1
282,1
283,0
284,1
285,0
286,0
287,1
288,1
289,1
290,0
291,1
292,1
293,1
294,0
295,1
296,1
297,1
298,1
299,1
300,0
301,1
302,0
303,0
304,1
305,1
306,1
307,0
308,0
309,1
310,0
311,0
312,0
313,1
314,0
315,0
316,0
317,1
318,0
319,1
320,1
321,1
322,1
323,0
324,1
325,1
326,1
327,0
328,1
329,0
330,0
331,1
332,0
333,1
334,1
335,1
336,1
337,1
338,0
339,0
340,1
341,1
342,1
343,1
344,0
345,1
346,0
347,0
348,1
349,1
350,1
351,0
352,1
353,1
354,1
355,0
356,0
357,0
358,1
359,1
360,1
361,1
362,1
363,1
364,0
365,1
366,0
367,1
368,0
369,1
370,1
371,1
372,1
373,1
374,1
375,1
376,0
377,0
378,1
379,1
380,1
381,1
382,0
383,1
384,1
385,1
386,1
387,1
388,1
389,0
390,0
391,0
392,0
393,1
394,1
395,0
396,1
397,1
398,1
399,1
400,0
401,1
402,1
403,0
404,0
405,0
406,1
407,1
408,1
409,0
410,0
411,0
412,1
413,0
414,0
415,0
416,0
417,1
418,0
419,1
420,0
421,1
422,1
423,0
424,0
425,1
426,0
427,1
428,0
429,0
430,1
431,1
432,0
433,1
434,0
435,1
436,0
437,0
438,0
439,1
440,1
441,0
442,1
443,1
444,1
445,0
446,0
447,1
448,1
449,0
450,0
451,0
452,0
453,1
454,0
455,1
456,1
457,1
458,1
459,1
460,1
461,0
462,1
463,0
464,0
465,1
466,0
467,0
468,0
469,0
470,1
471,0
472,1
473,0
474,1
475,1
476,0
477,0
478,1
479,1
480,0
481,0
482,1
483,1
484,1
485,1
486,1
487,1
488,0
489,0
490,0
491,1
492,1
493,0
494,0
495,0
496,1
497,0
498,0
499,0
500,1
501,1
502,1
503,1
504,1
505,1
506,0
507,0
508,0
509,0
510,0
511,0
512,1
513,0
514,1
515,0
516,0
517,0
518,0
519,0
520,1
521,1
522,0
523,1
524,0
525,0
526,1
527,1
528,1
529,1
530,1
531,1
532,1
533,1
534,1
535,0
536,1
537,1
538,0
539,0
540,1
541,0
542,1
543,1
544,0
545,1
546,0
547,0
548,1
549,1
550,1
551,1
552,0
553,0
554,0
555,0
556,1
557,0
558,1
559,0
560,0
561,1
562,1
563,1
564,1
565,0
566,0
567,0
568,1
569,1
570,1
571,1
572,0
573,1
574,1
575,0
576,0
577,1
578,1
579,0
580,0
581,0
582,0
583,1
584,0
585,1
586,0
587,0
588,1
589,1
590,1
591,1
592,0
593,0
594,0
595,0
596,1
597,1
598,0
599,1
600,1
601,1
602,1
603,0
604,1
605,1
606,0
607,1
608,1
609,0
610,0
611,1
612,1
613,1
614,0
615,1
616,0
617,1
618,1
619,0
620,1
621,1
622,1
623,1
624,0
625,0
626,0
627,0
628,0
629,1
630,1
631,0
632,0
633,0
634,1
635,1
636,1
637,1
638,0
639,0
640,1
641,1
642,1
643,0
644,1
645,1
646,1
647,1
648,1
649,0
650,1
651,0
652,0
653,1
654,0
655,0
656,1
657,0
658,0
659,1
660,0
661,1
662,1
663,0
664,0
665,0
666,1
667,1
668,0
669,1
670,1
671,1
672,1
673,0
674,0
675,1
676,0
677,1
678,1
679,0
680,0
681,0
682,1
683,1
684,0
685,0
686,0
687,1
688,1
689,0
690,0
691,0
692,0
693,1
694,0
695,1
696,1
697,0
698,0
699,1
700,1
701,0
702,1
703,1
704,1
705,0
706,0
707,0
708,0
709,0
710,0
711,0
712,0
713,0
714,1
715,0
716,0
717,0
718,1
719,1
720,1
721,0
722,1
723,0
724,1
725,1
726,1
727,1
728,0
729,1
730,0
731,1
732,1
733,1
734,0
735,1
736,0
737,0
738,1
739,1
740,0
741,0
742,0
743,1
744,0
745,0
746,0
747,0
748,0
749,1
750,0
751,1
752,0
753,1
754,1
755,1
756,1
757,0
758,0
759,0
760,0
761,1
762,0
763,1
764,0
765,0
766,1
767,1
768,1
769,0
770,0
771,1
772,1
773,0
774,0
775,1
776,0
777,1
778,0
779,1
780,0
781,0
782,1
783,0
784,1
785,0
786,1
787,1
788,1
789,1
790,0
791,0
792,0
793,0
794,1
795,1
796,1
797,0
798,0
799,1
800,0
801,1
802,0
803,0
804,0
805,0
806,0
807,0
808,1
809,0
810,0
811,1
812,0
813,0
814,0
815,1
816,1
817,1
818,0
819,1
820,1
821,0
822,0
823,1
824,1
825,0
826,1
827,1
828,0
829,1
830,0
831,0
832,1
833,1
834,0
835,1
836,1
837,1
838,0
839,1
840,1
841,0
842,1
843,1
844,1
845,1
846,1
847,1
848,1
849,0
850,1
851,0
852,0
853,1
854,1
855,1
856,0
857,0
858,1
859,1
860,0
861,1
862,0
863,1
864,1
865,0
866,1
867,0
868,0
869,0
870,0
871,0
872,0
873,1
874,0
875,1
876,1
877,1
878,0
879,1
880,0
881,0
882,0
883,1
884,1
885,0
886,1
887,1
888,1
889,1
890,0
891,1
892,0
893,1
894,1
895,1
896,0
897,0
898,1
899,0
900,1
901,1
902,0
903,0
904,1
905,1
906,0
907,0
908,0
909,0
910,1
911,0
912,0
913,0
914,0
915,0
916,1
917,0
918,1
919,0
920,1
921,1
922,0
923,1
924,0
925,1
926,1
927,1
928,0
929,0
930,1
931,0
932,1
933,1
934,1
935,1
936,0
937,1
938,1
939,0
940,1
941,1
942,1
943,0
944,1
945,1
946,1
947,1
948,1
949,1
950,1
951,0
952,1
953,1
954,0
955,0
956,0
957,1
958,1
959,1
960,0
961,0
962,1
963,1
964,0
965,0
966,1
967,1
968,0
969,0
970,0
971,1
972,1
973,1
974,0
975,1
976,1
977,0
978,0
979,0
980,0
981,1
982,0
983,1
984,0
985,1
986,1
987,0
988,1
989,1
990,0
991,1
992,1
993,0
994,1
995,1
996,1
997,0
998,1
999,1
1000,1
1001,0
1002,0
1003,1
1004,1
1005,1
1006,0
1007,0
1008,1
1009,0
1010,1
1011,0
1012,0
1013,1
1014,0
1015,0
1016,1
1017,1
1018,1
1019,1
1020,0
1021,1
1022,1
1023,0
1024,1
1025,1
1026,1
1027,1
1028,0
1029,0
1030,1
1031,1
1032,1
1033,1
1034,0
1035,1
1036,0
1037,0
1038,1
1039,0
1040,1
1041,0
1042,0
1043,0
1044,1
1045,1
1046,1
1047,0
1048,0
1049,0
1050,1
1051,0
1052,0
1053,0
1054,0
1055,1
1056,1
1057,0
1058,0
1059,0
1060,1
1061,0
1062,1
1063,0
1064,1
1065,0
1066,0
1067,0
1068,1
1069,1
1070,1
1071,0
1072,1
1073,1
1074,1
1075,0
1076,0
1077,1
1078,0
1079,1
1080,1
1081,1
1082,0
1083,1
1084,1
1085,1
1086,1
1087,0
1088,0
1089,1
1090,1
1091,1
1092,1
1093,1
1094,0
1095,0
1096,0
1097,1
1098,1
1099,0
1100,0
1101,0
1102,0
1103,0
1104,1
1105,0
1106,0
1107,0
1108,1
1109,0
1110,0
1111,1
1112,0
1113,1
1114,0
1115,0
1116,0
1117,1
1118,0
1119,1
1120,1
1121,0
1122,0
1123,1
1124,1
1125,0
1126,0
1127,0
1128,1
1129,0
1130,1
1131,0
1132,1
1133,1
1134,0
1135,0
1136,0
1137,0
1138,0
1139,1
1140,1
1141,1
1142,0
1143,1
1144,1
1145,1
1146,0
1147,0
1148,1
1149,1
1150,1
1151,0
1152,1
1153,1
1154,0
1155,1
1156,1
1157,1
1158,0
1159,1
1160,1
1161,1
1162,0
1163,0
1164,0
1165,0
1166,1
1167,1
1168,1
1169,1
1170,0
1171,1
1172,0
1173,1
1174,0
1175,1
1176,0
1177,0
1178,1
1179,0
1180,1
1181,1
1182,0
1183,1
1184,0
1185,1
1186,0
1187,1
1188,1
1189,0
1190,1
1191,0
1192,1
1193,1
1194,1
1195,0
1196,1
1197,1
1198,0
1199,0
1200,0
1201,0
1202,1
1203,0
1204,1
1205,1
1206,0
1207,0
1208,1
1209,0
1210,0
1211,1
1212,0
1213,1
1214,0
1215,1
1216,1
1217,1
1218,0
1219,0
1220,0
1221,0
1222,1
1223,0
1224,1
1225,1
1226,1
1227,1
1228,0
1229,1
1230,0
1231,0
1232,1
1233,0
1234,1
1235,1
1236,1
1237,1
1238,0
1239,1
1240,0
1241,1
1242,0
1243,0
1244,1
1245,0
1246,1
1247,0
1248,0
1249,1
1250,1
1251,0
1252,1
1253,0
1254,1
1255,0
1256,1
1257,0
1258,1
1259,1
1260,1
1261,0
1262,0
1263,1
1264,1
1265,1
1266,0
1267,1
1268,1
1269,1
1270,0
1271,0
1272,0
1273,1
1274,0
1275,1
1276,0
1277,1
1278,1
1279,1
1280,1
1281,1
1282,1
1283,0
1284,0
1285,0
1286,0
1287,1
1288,1
1289,0
1290,1
1291,0
1292,0
1293,0
1294,1
1295,0
1296,0
1297,1
1298,1
1299,0
1300,1
1301,1
1302,1
1303,1
1304,0
1305,1
1306,0
1307,1
1308,1
1309,0
1310,1
1311,0
1312,1
1313,1
1314,1
1315,1
1316,1
1317,0
1318,1
1319,0
1320,1
1321,0
1322,0
1323,1
1324,1
1325,1
1326,1
1327,1
1328,1
1329,0
1330,1
1331,0
1332,1
1333,1
1334,0
1335,1
1336,1
1337,1
1338,1
1339,1
1340,1
1341,0
1342,0
1343,0
1344,1
1345,0
1346,0
1347,0
1348,0
1349,1
1350,1
1351,1
1352,0
1353,0
1354,1
1355,0
1356,1
1357,1
1358,0
1359,0
1360,1
1361,0
1362,1
1363,1
1364,0
1365,0
1366,0
1367,0
1368,0
1369,0
1370,1
1371,1
1372,1
1373,0
1374,0
1375,0
1376,1
1377,0
1378,0
1379,0
1380,1
1381,0
1382,1
1383,1
1384,0
1385,0
1386,0
1387,0
1388,0
1389,0
1390,0
1391,1
1392,1
1393,1
1394,1
1395,0
1396,0
1397,1
1398,1
1399,0
1400,0
1401,0
1402,1
1403,0
1404,0
1405,1
1406,1
1407,1
1408,0
1409,0
1410,1
1411,0
1412,1
1413,0
1414,0
1415,1
1416,1
1417,1
1418,1
1419,0
1420,0
1421,0
1422,1
1423,1
1424,1
1425,0
1426,0
1427,0
1428,0
1429,1
1430,1
1431,1
1432,1
1433,1
1434,0
1435,1
1436,1
1437,0
1438,0
1439,0
1440,0
1441,1
1442,0
1443,1
1444,1
1445,1
1446,1
1447,0
1448,1
1449,0
1450,1
1451,0
1452,1
1453,1
1454,1
1455,0
1456,1
1457,1
1458,0
1459,1
1460,1
1461,1
1462,1
1463,0
1464,0
1465,1
1466,1
1467,0
1468,1
1469,0
1470,0
1471,1
1472,1
1473,0
1474,1
1475,1
1476,1
1477,1
1478,1
1479,1
1480,1
1481,1
1482,0
1483,0
1484,1
1485,0
1486,1
1487,0
1488,1
1489,1
1490,1
1491,1
1492,0
1493,1
1494,1
1495,0
1496,0
1497,0
1498,1
1499,1
1500,1
1501,1
1502,1
1503,0
1504,0
1505,0
1506,1
1507,1
1508,1
1509,0
1510,0
1511,1
1512,1
1513,0
1514,0
1515,1
1516,0
1517,1
1518,0
1519,0
1520,0
1521,1
1522,0
1523,0
1524,0
1525,0
1526,0
1527,0
1528,1
1529,1
1530,0
1531,1
1532,1
1533,0
1534,0
1535,0
1536,0
1537,1
1538,0
1539,0
1540,1
1541,0
1542,0
1543,1
1544,0
1545,0
1546,1
1547,0
1548,0
1549,0
1550,0
1551,1
1552,1
1553,1
1554,0
1555,1
1556,1
1557,0
1558,0
1559,1
1560,1
1561,0
1562,0
1563,0
1564,0
1565,0
1566,1
1567,0
1568,0
1569,1
1570,1
1571,0
1572,1
1573,1
1574,0
1575,1
1576,0
1577,0
1578,1
1579,1
1580,1
1581,1
1582,0
1583,0
1584,0
1585,1
1586,1
1587,1
1588,1
1589,1
1590,0
1591,0
1592,0
1593,0
1594,0
1595,0
1596,0
1597,1
1598,0
1599,1
1600,1
1601,1
1602,1
1603,1
1604,0
1605,0
1606,1
1607,1
1608,1
1609,1
1610,1
1611,0
1612,1
1613,0
1614,1
1615,0
1616,0
1617,1
1618,0
1619,1
1620,0
1621,1
1622,0
1623,0
1624,1
1625,0
1626,0
1627,0
1628,0
1629,1
1630,0
1631,0
1632,1
1633,0
1634,1
1635,1
1636,1
1637,0
1638,0
1639,0
1640,1
1641,1
1642,1
1643,0
1644,1
1645,0
1646,1
1647,1
1648,1
1649,1
1650,1
1651,0
1652,1
1653,1
1654,0
1655,0
1656,0
1657,0
1658,0
1659,0
1660,0
1661,1
1662,1
1663,1
1664,1
1665,0
1666,1
1667,0
1668,0
1669,1
1670,0
1671,1
1672,0
1673,1
1674,1
1675,1
1676,1
1677,0
1678,0
1679,1
1680,1
1681,0
1682,1
1683,1
1684,0
1685,0
1686,0
1687,1
1688,0
1689,0
1690,0
1691,0
1692,0
1693,1
1694,1
1695,0
1696,1
1697,0
1698,0
1699,1
1700,0
1701,0
1702,0
1703,0
1704,1
1705,1
1706,0
1707,0
1708,1
1709,0
1710,0
1711,1
1712,0
1713,1
1714,1
1715,0
1716,1
1717,0
1718,1
1719,1
1720,0
1721,1
1722,1
1723,0
1724,0
1725,0
1726,1
1727,0
1728,0
1729,0
1730,0
1731,1
1732,0
1733,0
1734,0
1735,0
1736,1
1737,0
1738,0
1739,1
1740,0
1741,0
1742,1
1743,1
1744,1
1745,0
1746,0
1747,1
1748,0
1749,0
1750,1
1751,0
1752,0
1753,0
1754,1
1755,0
1756,0
1757,0
1758,1
1759,0
1760,1
1761,1
1762,0
1763,1
1764,0
1765,1
1766,1
1767,1
1768,1
1769,1
1770,1
1771,1
1772,0
1773,1
1774,1
1775,1
1776,1
1777,1
1778,0
1779,0
1780,0
1781,0
1782,1
1783,0
1784,1
1785,0
1786,0
1787,0
1788,0
1789,0
1790,0
1791,1
1792,0
1793,1
1794,0
1795,1
1796,1
1797,1
1798,0
1800,1
1801,0
1802,0
1803,0
1804,1
1805,1
1806,1
1807,1
1808,0
1809,0
1810,1
1811,0
1812,1
1813,0
1814,0
1815,0
1816,0
1817,1
1818,0
1819,1
1820,0
1821,0
1822,1
1823,1
1824,1
1825,1
1826,0
1827,1
1828,1
1829,1
1830,1
1831,1
1832,1
1833,0
1834,0
1835,0
1836,0
1837,1
1838,0
1839,0
1840,0
1841,0
1842,0
1843,0
1844,1
1845,0
1846,0
1847,1
1848,0
1849,1
1850,0
1851,1
1852,0
1853,0
1854,0
1855,0
1856,1
1857,0
1858,1
1859,0
1860,0
1861,1
1862,0
1863,1
1864,1
1865,1
1866,0
1867,1
1868,0
1869,1
1870,1
1871,1
1872,0
1873,1
1874,1
1875,0
1876,0
1877,0
1878,0
1879,1
1880,1
1881,1
1882,1
1883,0
1884,1
1885,1
1886,1
1887,0
1888,0
1889,1
1890,0
1891,0
1892,1
1893,1
1894,0
1895,0
1896,1
1897,0
1898,1
1899,1
1900,0
1901,1
1902,0
1903,1
1904,0
1905,0
1906,1
1907,1
1908,0
1909,0
1910,1
1911,1
1912,0
1913,0
1914,1
1915,0
1916,1
1917,1
1918,0
1919,0
1920,1
1921,0
1922,0
1923,1
1924,1
1925,0
1926,0
1927,0
1928,0
1929,1
1930,1
1931,1
1932,0
1933,1
1934,1
1935,1
1936,0
1937,1
1938,1
1939,0
1940,0
1941,0
1942,0
1943,0
1944,1
1945,1
1946,0
1947,0
1948,1
1949,0
1950,0
1951,1
1952,0
1953,1
1954,0
1955,0
1956,1
1957,1
1958,1
1959,1
1960,1
1961,1
1962,0
1963,0
1964,0
1965,1
1966,1
1967,1
1968,1
1969,0
1970,0
1971,0
1972,1
1973,0
1974,0
1975,1
1976,1
1977,1
1978,1
1979,1
1980,1
1981,0
1982,1
1983,0
1984,0
1985,0
1986,1
1987,1
1988,1
1989,0
1990,0
1991,0
1992,0
1993,0
1994,1
1995,0
1996,1
1997,0
1998,0
1999,1
2000,0
2001,1
2002,1
2003,1
2004,0
2005,0
2006,0
2007,1
2008,1
2009,1
2010,1
2011,0
2012,0
2013,0
2014,0
2015,1
2016,1
2017,1
2018,0
2019,0
2020,1
2021,0
2022,1
2023,1
2024,1
2025,0
2026,1
2027,0
2028,1
2029,0
2030,1
2031,0
2032,1
2033,0
2034,0
2035,0
2036,0
2037,1
2038,1
2039,0
2040,0
2041,0
2042,1
2043,0
2044,0
2045,1
2046,0
2047,0
2048,0
2049,1
2050,1
2051,1
2052,0
2053,0
2054,1
2055,0
2056,0
2057,1
2058,0
2059,1
2060,1
2061,1
2062,0
2063,1
2064,0
2065,1
2066,1
2067,1
2068,1
2069,1
2070,0
2071,0
2072,1
2073,0
2074,1
2075,0
2076,0
2077,1
2078,0
2079,0
2080,0
2081,1
2082,0
2083,1
2084,1
2085,0
2086,0
2087,0
2088,0
2089,1
2090,0
2091,0
2092,1
2093,1
2094,1
2095,0
2096,0
2097,0
2098,0
2099,1
2100,0
2101,1
2102,0
2103,0
2104,1
2105,0
2106,0
2107,0
2108,0
2109,1
2110,0
2111,0
2112,1
2113,1
2114,1
2115,1
2116,0
2117,0
2118,0
2119,1
2120,1
2121,1
2122,1
2123,0
2124,1
2125,1
2126,0
2127,0
2128,0
2129,1
2130,0
2131,1
2132,0
2133,0
2134,1
2135,1
2136,1
2137,0
2138,1
2139,1
2140,0
2141,1
2142,0
2143,0
2144,1
2145,1
2146,0
2147,1
2148,0
2149,1
2150,0
2151,1
2152,0
2153,0
2154,1
2155,0
2156,1
2157,1
2158,1
2159,0
2160,1
2161,0
2162,0
2163,0
2164,1
2165,0
2166,1
2167,0
2168,1
2169,1
2170,0
2171,0
2172,1
2173,0
2174,1
2175,1
2176,1
2177,1
2178,0
2179,0
2180,0
2181,0
2182,0
2183,1
2184,1
2185,1
2186,0
2187,0
2188,1
2189,1
2190,1
2191,0
2192,1
2193,1
2194,1
2195,0
2196,1
2197,0
2198,0
2199,0
2200,0
2201,1
2202,1
2203,1
2204,0
2205,1
2206,1
2207,0
2208,1
2209,0
2210,1
2211,1
2212,0
2213,0
2214,0
2215,0
2216,1
2217,0
2218,0
2219,0
2220,1
2221,1
2222,1
2223,0
2224,1
2225,0
2226,0
2227,0
2228,1
2229,1
2230,1
2231,0
2232,1
2233,0
2234,0
2235,1
2236,1
2237,0
2238,0
2239,0
2240,0
2241,0
2242,0
2243,0
2244,1
2245,0
2246,0
2247,0
2248,1
2249,0
2250,0
2251,1
2252,1
2253,0
2254,1
2255,0
2256,0
2257,0
2258,1
2259,1
2260,0
2261,0
2262,1
2263,1
2264,1
2265,0
2266,0
2267,1
2268,1
2269,0
2270,0
2271,0
2272,1
2273,0
2274,1
2275,0
2276,1
2277,1
2278,0
2279,1
2280,0
2281,0
2282,0
2283,1
2284,0
2285,1
2286,0
2287,0
2288,1
2289,0
2290,0
2291,0
2292,0
2293,0
2294,1
2295,1
2296,1
2297,1
2298,1
2299,1
2300,0
2301,0
2302,1
2303,0
2304,0
2305,1
2306,1
2307,0
2308,0
2309,1
2310,1
2311,0
2312,0
2313,1
2314,0
2315,0
2316,1
2317,1
2318,1
2319,0
2320,1
2321,0
2322,1
2323,1
2324,1
2325,1
2326,0
2327,0
2328,0
2329,0
2330,0
2331,0
2332,0
2333,0
2334,0
2335,1
2336,1
2337,0
2338,1
2339,1
2340,1
2341,1
2342,1
2343,0
2344,1
2345,0
2346,0
2347,1
2348,1
2349,1
2350,1
2351,1
2352,1
2353,1
2354,1
2355,0
2356,1
2357,0
2358,1
2359,0
2360,0
2361,1
2362,0
2363,0
2364,1
2365,0
2366,0
2367,0
2368,0
2369,1
2370,1
2371,0
2372,0
2373,0
2374,1
2375,1
2376,1
2377,0
2378,1
2379,0
2380,0
2381,1
2382,0
2383,0
2384,1
2385,1
2386,1
2387,1
2388,0
2389,0
2390,1
2391,1
2392,1
2393,0
2394,1
2395,1
2396,1
2397,1
2398,0
2399,1
2400,0
2401,0
2402,0
2403,1
2404,1
2405,0
2406,1
2407,1
2408,0
2409,1
2410,0
2411,1
2412,1
2413,0
2414,1
2415,0
2416,1
2417,0
2418,0
2419,1
2420,1
2421,0
2422,0
2423,1
2424,1
2425,0
2426,0
2427,0
2428,0
2429,1
2430,0
2431,1
2432,1
2433,0
2434,0
2435,0
2436,1
2437,0
2438,1
2439,1
2440,0
2441,1
2442,0
2443,1
2444,0
2445,0
2446,0
2447,0
2448,1
2449,1
2450,0
2451,0
2452,0
2453,0
2454,0
2455,1
2456,1
2457,1
2458,1
2459,0
2460,0
2461,0
2462,0
2463,0
2464,1
2465,0
2466,1
2467,1
2468,0
2469,1
2470,0
2471,0
2472,0
2473,1
2474,0
2475,0
2476,0
2477,1
2478,1
2479,0
2480,1
2481,0
2482,0
2483,1
2484,1
2485,0
2486,0
2487,0
2488,0
2489,1
2490,0
2491,0
2492,1
2493,1
2494,0
2495,0
2496,1
2497,0
2498,1
2499,0
2500,0
2501,1
2502,1
2503,0
2504,1
2505,0
2506,1
2507,1
2508,0
2509,0
2510,1
2511,1
2512,0
2513,0
2514,0
2515,0
2516,1
2517,1
2518,0
2519,0
2520,0
2521,1
2522,0
2523,1
2524,1
2525,1
2526,0
2527,1
2528,1
2529,1
2530,1
2531,1
2532,0
2533,0
2534,1
2535,0
2536,0
2537,0
2538,1
2539,1
2540,1
2541,1
2542,1
2543,1
2544,0
2545,0
2546,1
2547,1
2548,0
2549,1
2550,0
2551,0
2552,1
2553,1
2554,1
2555,0
2556,0
2557,0
2558,0
2559,1
2560,1
2561,0
2562,0
2563,1
2564,1
2565,1
2566,1
2567,0
2568,0
2569,0
2570,1
2571,1
2572,1
2573,1
2574,0
2575,1
2576,0
2577,0
2578,0
2579,1
2580,0
2581,0
2582,0
2583,0
2584,1
2585,0
2586,1
2587,0
2588,1
2589,0
2590,0
2591,1
2592,0
2593,0
2594,0
2595,0
2596,0
2597,0
2598,0
2599,0
2600,1
2601,0
2602,0
2603,0
2604,1
2605,1
2606,0
2607,1
2608,1
2609,0
2610,1
2611,0
2612,0
2613,1
2614,0
2615,1
2616,0
2617,0
2618,1
2619,1
2620,1
2621,0
2622,1
2623,0
2624,1
2625,0
2626,0
2627,0
2628,1
2629,0
2630,0
2631,0
2632,0
2633,1
2634,1
2635,1
2636,0
2637,0
2638,1
2639,0
2640,1
2641,0
2642,0
2643,1
2644,0
2645,1
2646,1
2647,1
2648,1
2649,1
2650,1
2651,0
2652,0
2653,1
2654,0
2655,1
2656,1
2657,0
2658,0
2659,1
2660,0
2661,0
2662,1
2663,1
2664,1
2665,0
2666,1
2667,0
2668,0
2669,0
2670,0
2671,1
2672,0
2673,1
2674,1
2675,1
2676,0
2677,1
2678,1
2679,0
2680,1
2681,1
2682,0
2683,1
2684,0
2685,0
2686,1
2687,0
2688,0
2689,1
2690,1
2691,1
2692,1
2693,1
2694,0
2695,1
2696,1
2697,0
2698,0
2699,0
2700,0
2701,0
2702,0
2703,1
2704,1
2705,1
2706,0
2707,0
2708,1
2709,0
2710,1
2711,1
2712,1
2713,0
2714,0
2715,0
2716,1
2717,1
2718,0
2719,0
2720,1
2721,1
2722,0
2723,1
2724,0
2725,1
2726,1
2727,0
2728,0
2729,1
2730,1
2731,0
2732,0
2733,1
2734,1
2735,0
2736,1
2737,0
2738,0
2739,0
2740,1
2741,0
2742,1
2743,0
2744,1
2745,1
2746,1
2747,0
2748,0
2749,1
2750,0
2751,0
2752,1
2753,1
2754,0
2755,0
2756,1
2757,1
2758,1
2759,1
2760,0
2761,1
2762,0
2763,0
2764,1
2765,0
2766,1
2767,1
2768,0
2769,1
2770,1
2771,1
2772,1
2773,1
2774,0
2775,0
2776,1
2777,1
2778,1
2779,0
2780,1
2781,1
2782,1
2783,0
2784,1
2785,0
2786,1
2787,0
2788,0
2789,0
2790,0
2791,0
2792,0
2793,1
2794,0
2795,0
2796,1
2797,1
2798,1
2799,0
2800,1
2801,1
2802,1
2803,1
2804,1
2805,0
2806,1
2807,1
2808,1
2809,0
2810,0
2811,1
2812,1
2813,0
2814,1
2815,1
2816,1
2817,1
2818,1
2819,0
2820,1
2821,0
2822,0
2823,1
2824,0
2825,1
2826,0
2827,1
2828,1
2829,0
2830,0
2831,0
2832,1
2833,1
2834,1
2835,1
2836,1
2837,1
2838,0
2839,1
2840,0
2841,0
2842,1
2843,1
2844,0
2845,0
2846,0
2847,0
2848,1
2849,1
2850,1
2851,0
2852,1
2853,1
2854,0
2855,1
2856,1
2857,1
2858,1
2859,0
2860,1
2861,1
2862,0
2863,0
2864,1
2865,0
2866,1
2867,0
2868,0
2869,0
2870,0
2871,1
2872,0
2873,1
2874,0
2875,0
2876,0
2877,1
2878,1
2879,1
2880,1
2881,1
2882,1
2883,0
2884,1
2885,1
2886,1
2887,1
2888,0
2889,0
2890,1
2891,0
2892,1
2893,0
2894,0
2895,1
2896,1
2897,1
2898,1
2899,1
2900,0
2901,1
2902,1
2903,0
2904,1
2905,1
2906,1
2907,1
2908,1
2909,1
2910,1
2911,1
2912,0
2913,1
2914,0
2915,1
2916,0
2917,1
2918,0
2919,0
2920,0
2921,0
2922,0
2923,1
2924,1
2925,0
2926,1
2927,1
2928,0
2929,0
2930,1
2931,0
2932,1
2933,1
2934,0
2935,1
2936,0
2937,1
2938,1
2939,0
2940,1
2941,0
2942,0
2943,1
2944,1
2945,0
2946,0
2947,0
2948,0
2949,0
2950,0
2951,0
2952,0
2953,1
2954,0
2955,1
2956,0
2957,1
2958,1
2959,0
2960,0
2961,0
2962,0
2963,1
2964,0
2965,1
2966,0
2967,0
2968,1
2969,0
2970,1
2971,0
2972,0
2973,1
2974,1
2975,0
2976,0
2977,0
2978,1
2979,0
2980,1
2981,0
2982,0
2983,1
2984,1
2985,0
2986,0
2987,1
2988,1
2989,1
2990,0
2991,1
2992,1
2993,0
2994,1
2995,1
2996,1
2997,0
2998,0
2999,1
3000,1
3001,0
3002,1
3003,0
3004,1
3005,0
3006,1
3007,1
3008,1
3009,1
3010,1
3011,1
3012,0
3013,0
3014,1
3015,0
3016,0
3017,0
3018,0
3019,0
3020,1
3021,0
3022,1
3023,1
3024,1
3025,1
3026,1
3027,0
3028,0
3029,1
3030,0
3031,0
3032,0
3033,0
3034,0
3035,1
3036,1
3037,1
3038,0
3039,0
3040,1
3041,0
3042,0
3043,1
3044,1
3045,1
3046,0
3047,0
3048,0
3049,0
3050,0
3051,1
3052,1
3053,0
3054,1
3055,0
3056,0
3057,0
3058,0
3059,0
3060,1
3061,1
3062,0
3063,1
3064,0
3065,0
3066,1
3067,0
3068,0
3069,1
3070,0
3071,0
3072,0
3073,1
3074,1
3075,1
3076,0
3077,1
3078,1
3079,0
3080,0
3081,0
3082,0
3083,1
3084,1
3085,1
3086,0
3087,1
3088,0
3089,1
3090,1
3091,1
3092,0
3093,0
3094,1
3095,1
3096,0
3097,1
3098,0
3099,0
3100,0
3101,0
3102,0
3103,0
3104,0
3105,1
3106,1
3107,0
3108,1
3109,0
3110,1
3111,1
3112,0
3113,0
3114,1
3115,1
3116,1
3117,1
3118,0
3119,0
3120,1
3121,0
3122,1
3123,0
3124,0
3125,0
3126,0
3127,0
3128,1
3129,1
3130,1
3131,1
3132,0
3133,0
3134,0
3135,1
3136,1
3137,0
3138,0
3139,1
3140,0
3141,1
3142,0
3143,1
3144,1
3145,0
3146,1
3147,1
3148,1
3149,1
3150,0
3151,0
3152,1
3153,0
3154,1
3155,0
3156,0
3157,1
3158,1
3159,1
3160,1
3161,1
3162,1
3163,1
3164,0
3165,1
3166,1
3167,0
3168,1
3169,1
3170,0
3171,0
3172,1
3173,1
3174,1
3175,1
3176,1
3177,0
3178,1
3179,1
3180,0
3181,1
3182,0
3183,1
3184,0
3185,1
3186,0
3187,0
3188,1
3189,1
3190,1
3191,0
3192,1
3193,1
3194,0
3195,1
3196,1
3197,0
3198,0
3199,1
3200,1
3201,0
3202,0
3203,1
3204,1
3205,0
3206,0
3207,0
3208,1
3209,0
3210,0
3211,0
3212,0
3213,1
3214,0
3215,0
3216,1
3217,0
3218,1
3219,1
3220,0
3221,1
3222,0
3223,1
3224,0
3225,0
3226,0
3227,1
3228,0
3229,0
3230,1
3231,1
3232,0
3233,1
3234,1
3235,0
3236,0
3237,1
3238,0
3239,0
3240,1
3241,1
3242,0
3243,0
3244,0
3245,1
3246,1
3247,1
3248,0
3249,1
3250,1
3251,1
3252,0
3253,0
3254,0
3255,0
3256,0
3257,1
3258,1
3259,0
3260,0
3261,1
3262,0
3263,0
3264,1
3265,1
3266,0
3267,0
3268,1
3269,1
3270,1
3271,0
3272,1
3273,1
3274,1
3275,1
3276,1
3277,0
3278,0
3279,1
3280,0
3281,1
3282,1
3283,0
3284,0
3285,1
3286,0
3287,0
3288,1
3289,1
3290,1
3291,0
3292,0
3293,1
3294,1
3295,1
3296,1
3297,1
3298,1
3299,1
3300,0
3301,1
3302,0
3303,0
3304,0
3305,1
3306,1
3307,1
3308,0
3309,1
3310,0
3311,1
3312,1
3313,1
3314,1
3315,0
3316,1
3317,0
3318,1
3319,1
3320,1
3321,1
3322,0
3323,1
3324,1
3325,1
3326,1
3327,1
3328,1
3329,1
3330,1
3331,1
3332,1
3333,0
3334,1
3335,1
3336,0
3337,1
3338,0
3339,1
3340,1
3341,1
3342,1
3343,1
3344,0
3345,1
3346,0
3347,0
3348,1
3349,1
3350,0
3351,0
3352,1
3353,1
3354,0
3355,0
3356,0
3357,0
3358,0
3359,1
3360,1
3361,1
3362,0
3363,1
3364,1
3365,0
3366,0
3367,0
3368,0
3369,0
3370,0
3371,0
3372,1
3373,0
3374,0
3375,0
3376,0
3377,0
3378,1
3379,1
3380,0
3381,1
3382,0
3383,1
3384,0
3385,0
3386,0
3387,1
3388,0
3389,0
3390,0
3391,1
3392,0
3393,0
3394,1
3395,0
3396,0
3397,0
3398,0
3399,0
3400,0
3401,0
3402,1
3403,0
3404,0
3405,0
3406,1
3407,1
3408,1
3409,1
3410,1
3411,1
3412,1
3413,1
3414,0
3415,1
3416,1
3417,0
3418,0
3419,1
3420,1
3421,0
3422,1
3423,0
3424,1
3425,1
3426,1
3427,0
3428,1
3429,0
3430,1
3431,0
3432,1
3433,1
3434,1
3435,0
3436,1
3437,0
3438,0
3439,0
3440,1
3441,1
3442,0
3443,1
3444,1
3445,0
3446,0
3447,0
3448,1
3449,1
3450,1
3451,0
3452,1
3453,0
3454,0
3455,1
3456,1
3457,0
3458,1
3459,1
3460,0
3461,1
3462,0
3463,0
3464,0
3465,1
3466,0
3467,0
3468,0
3469,1
3470,0
3471,1
3472,0
3473,0
3474,0
3475,1
3476,1
3477,0
3478,0
3479,1
3480,1
3481,1
3482,0
3483,0
3484,0
3485,0
3486,1
3487,1
3488,1
3489,1
3490,0
3491,0
3492,1
3493,1
3494,0
3495,0
3496,1
3497,0
3498,0
3499,1
3500,1
3501,1
3502,1
3503,0
3504,0
3505,0
3506,0
3507,1
3508,0
3509,1
3510,1
3511,0
3512,1
3513,0
3514,0
3515,0
3516,0
3517,1
3518,1
3519,1
3520,1
3521,1
3522,0
3523,1
3524,0
3525,1
3526,1
3527,0
3528,0
3529,0
3530,1
3531,0
3532,0
3533,0
3534,1
3535,0
3536,1
3537,1
3538,0
3539,1
3540,1
3541,1
3542,0
3543,1
3544,0
3545,1
3546,0
3547,0
3548,0
3549,0
3550,0
3551,0
3552,1
3553,1
3554,0
3555,1
3556,0
3557,0
3558,1
3559,0
3560,1
3561,0
3562,1
3563,1
3564,0
3565,0
3566,1
3567,1
3568,0
3569,0
3570,1
3571,1
3572,0
3573,1
3574,0
3575,0
3576,1
3577,1
3578,1
3579,0
3580,1
3581,0
3582,1
3583,0
3584,1
3585,1
3586,0
3587,1
3588,0
3589,0
3590,0
3591,1
3592,1
3593,1
3594,0
3595,1
3596,1
3597,1
3598,0
3599,0
3600,1
3601,0
3602,1
3603,0
3604,1
3605,0
3606,1
3607,1
3608,0
3609,0
3610,1
3611,0
3612,1
3613,0
3614,0
3615,1
3616,1
3617,0
3618,0
3619,1
3620,1
3621,1
3622,0
3623,0
3624,0
3625,0
3626,0
3627,0
3628,0
3629,0
3630,1
3631,1
3632,1
3633,1
3634,0
3635,1
3636,1
3637,1
3638,0
3639,1
3640,0
3641,0
3642,1
3643,0
3644,1
3645,1
3646,1
3647,1
3648,0
3649,0
3650,0
3651,1
3652,0
3653,1
3654,1
3655,0
3656,1
3657,1
3658,1
3659,0
3660,0
3661,0
3662,0
3663,0
3664,1
3665,1
3666,0
3667,0
3668,0
3669,0
3670,1
3671,1
3672,0
3673,0
3674,1
3675,0
3676,0
3677,0
3678,0
3679,0
3680,1
3681,1
3682,1
3683,1
3684,1
3685,0
3686,0
3687,1
3688,1
3689,1
3690,0
3691,1
3692,1
3693,1
3694,0
3695,0
3696,0
3697,0
3698,0
3699,1
3700,0
3701,1
3702,1
3703,1
3704,0
3705,1
3706,0
3707,0
3708,0
3709,1
3710,0
3711,0
3712,0
3713,0
3714,1
3715,0
3716,1
3717,1
3718,0
3719,1
3720,1
3721,1
3722,1
3723,1
3724,1
3725,1
3726,1
3727,1
3728,0
3729,1
3730,1
3731,1
3732,1
3733,1
3734,0
3735,1
3736,0
3737,1
3738,1
3739,0
3740,1
3741,0
3742,1
3743,0
3744,1
3745,0
3746,0
3747,0
3748,1
3749,1
3750,0
3751,0
3752,1
3753,1
3754,1
3755,1
3756,0
3757,0
3758,1
3759,0
3760,0
3761,1
3762,1
3763,1
3764,0
3765,0
3766,1
3767,0
3768,1
3769,0
3770,0
3771,1
3772,0
3773,0
3774,0
3775,0
3776,0
3777,1
3778,0
3779,1
3780,0
3781,0
3782,1
3783,0
3784,1
3785,1
3786,1
3787,1
3788,1
3789,1
3790,0
3791,0
3792,1
3793,1
3794,1
3795,1
3796,1
3797,1
3798,1
3799,1
3800,1
3801,1
3802,1
3803,0
3804,1
3805,1
3806,0
3807,0
3808,1
3809,0
3810,0
3811,1
3812,1
3813,1
3814,0
3815,1
3816,1
3817,0
3818,1
3819,0
3820,0
3821,0
3822,0
3823,0
3824,0
3825,1
3826,1
3827,0
3828,1
3829,0
3830,1
3831,0
3832,1
3833,0
3834,1
3835,1
3836,1
3837,0
3838,1
3839,1
3840,1
3841,0
3842,0
3843,1
3844,0
3845,0
3846,0
3847,1
3848,0
3849,1
3850,1
3851,1
3852,1
3853,0
3854,1
3855,1
3856,0
3857,0
3858,1
3859,1
3860,1
3861,0
3862,1
3863,0
3864,1
3865,0
3866,1
3867,1
3868,1
3869,1
3870,0
3871,1
3872,0
3873,0
3874,1
3875,0
3876,1
3877,1
3878,0
3879,0
3880,0
3881,0
3882,1
3883,1
3884,1
3885,0
3886,1
3887,0
3888,1
3889,0
3890,0
3891,1
3892,0
3893,1
3894,1
3895,1
3896,1
3897,1
3898,0
3899,1
3900,1
3901,1
3902,1
3903,0
3904,1
3905,1
3906,0
3907,0
3908,0
3909,0
3910,1
3911,0
3912,0
3913,1
3914,1
3915,1
3916,0
3917,0
3918,0
3919,0
3920,0
3921,1
3922,1
3923,1
3924,0
3925,0
3926,0
3927,0
3928,1
3929,1
3930,1
3931,1
3932,0
3933,0
3934,1
3935,1
3936,0
3937,1
3938,1
3939,1
3940,1
3941,0
3942,0
3943,1
3944,1
3945,1
3946,1
3947,1
3948,0
3949,0
3950,1
3951,1
3952,0
3953,0
3954,0
3955,1
3956,1
3957,1
3958,1
3959,1
3960,1
3961,0
3962,0
3963,1
3964,0
3965,1
3966,1
3967,0
3968,0
3969,1
3970,0
3971,0
3972,1
3973,1
3974,0
3975,1
3976,1
3977,1
3978,1
3979,1
3980,0
3981,0
3982,0
3983,0
3984,1
3985,0
3986,0
3987,0
3988,0
3989,0
3990,0
3991,1
3992,0
3993,1
3994,1
3995,0
3996,1
3997,1
3998,1
3999,1
4000,0
4001,1
4002,1
4003,0
4004,1
4005,1
4006,1
4007,0
4008,0
4009,1
4010,1
4011,0
4012,0
4013,0
4014,1
4015,1
4016,0
4017,1
4018,0
4019,0
4020,0
4021,1
4022,1
4023,1
4024,0
4025,1
4026,0
4027,1
4028,1
4029,1
4030,1
4031,1
4032,1
4033,1
4034,1
4035,1
4036,1
4037,1
4038,1
4039,0
4040,1
4041,1
4042,1
4043,0
4044,1
4045,0
4046,0
4047,0
4048,0
4049,0
4050,0
4051,1
4052,0
4053,1
4054,1
4055,0
4056,1
4057,0
4058,1
4059,0
4060,1
4061,0
4062,0
4063,0
4064,0
4065,0
4066,1
4067,0
4068,1
4069,0
4070,1
4071,1
4072,1
4073,0
4074,0
4075,0
4076,1
4077,0
4078,0
4079,0
4080,1
4081,0
4082,0
4083,0
4084,1
4085,0
4086,1
4087,0
4088,0
4089,1
4090,0
4091,0
4092,0
4093,0
4094,1
4095,0
4096,1
4097,1
4098,1
4099,1
4100,0
4101,1
4102,1
4103,1
4104,1
4105,1
4106,1
4107,0
4108,1
4109,0
4110,0
4111,1
4112,1
4113,1
4114,1
4115,0
4116,0
4117,0
4118,1
4119,1
4120,1
4121,0
4122,1
4123,0
4124,0
4125,0
4126,1
4127,1
4128,0
4129,1
4130,1
4131,1
4132,1
4133,1
4134,1
4135,0
4136,0
4137,0
4138,0
4139,0
4140,0
4141,0
4142,0
4143,0
4144,1
4145,1
4146,0
4147,0
4148,1
4149,0
4150,1
4151,0
4152,0
4153,1
4154,0
4155,0
4156,0
4157,1
4158,0
4159,0
4160,1
4161,0
4162,1
4163,0
4164,0
4165,0
4166,1
4167,1
4168,0
4169,1
4170,1
4171,0
4172,1
4173,1
4174,0
4175,1
4176,0
4177,1
4178,1
4179,0
4180,1
4181,1
4182,0
4183,0
4184,1
4185,1
4186,1
4187,0
4188,0
4189,1
4190,0
4191,1
4192,1
4193,0
4194,0
4195,0
4196,0
4197,1
4198,0
4199,1
4200,0
4201,0
4202,1
4203,1
4204,0
4205,1
4206,0
4207,1
4208,1
4209,1
4210,1
4211,0
4212,1
4213,0
4214,0
4215,0
4216,0
4217,0
4218,0
4219,1
4220,0
4221,1
4222,1
4223,0
4224,0
4225,1
4226,0
4227,1
4228,0
4229,1
4230,1
4231,1
4232,1
4233,1
4234,1
4235,0
4236,0
4237,0
4238,1
4239,0
4240,1
4241,1
4242,1
4243,0
4244,1
4245,0
4246,0
4247,0
4248,0
4249,0
4250,1
4251,1
4252,0
4253,1
4254,0
4255,1
4256,1
4257,0
4258,0
4259,1
4260,0
4261,1
4262,0
4263,1
4264,1
4265,0
4266,1
4267,1
4268,0
4269,1
4270,0
4271,0
4272,0
4273,0
4274,0
4275,0
4276,0
4277,1
4278,1
4279,0
4280,0
4281,1
4282,1
4283,1
4284,0
4285,1
4286,0
4287,1
4288,1
4289,0
4290,1
4291,0
4292,0
4293,1
4294,1
4295,1
4296,1
4297,0
4298,0
4299,1
4300,1
4301,0
4302,1
4303,1
4304,1
4305,1
4306,1
4307,1
4308,1
4309,1
4310,0
4311,1
4312,0
4313,1
4314,0
4315,1
4316,0
4317,1
4318,1
4319,1
4320,1
4321,1
4322,1
4323,0
4324,1
4325,0
4326,1
4327,1
4328,1
4329,1
4330,0
4331,1
4332,1
4333,1
4334,1
4335,0
4336,0
4337,1
4338,0
4339,1
4340,0
4341,0
4342,0
4343,1
4344,1
4345,0
4346,1
4347,0
4348,0
4349,1
4350,1
4351,0
4352,1
4353,0
4354,0
4355,1
4356,1
4357,1
4358,0
4359,1
4360,0
4361,1
4362,1
4363,1
4364,0
4365,0
4366,0
4367,0
4368,0
4369,1
4370,1
4371,1
4372,1
4373,0
4374,0
4375,1
4376,1
4377,0
4378,1
4379,0
4380,0
4381,0
4382,1
4383,0
4384,0
4385,0
4386,0
4387,1
4388,0
4389,0
4390,0
4391,0
4392,0
4393,0
4394,0
4395,1
4396,0
4397,1
4398,1
4399,1
4400,1
4401,1
4402,0
4403,0
4404,1
4405,1
4406,1
4407,0
4408,1
4409,1
4410,0
4411,1
4412,0
4413,0
4414,1
4415,1
4416,0
4417,0
4418,1
4419,1
4420,0
4421,0
4422,1
4423,1
4424,1
4425,1
4426,0
4427,1
4428,1
4429,0
4430,0
4431,0
4432,0
4433,1
4434,1
4435,0
4436,1
4437,0
4438,1
4439,1
4440,1
4441,0
4442,1
4443,1
4444,1
4445,0
4446,1
4447,1
4448,0
4449,0
4450,1
4451,0
4452,1
4453,0
4454,0
4455,1
4456,1
4457,0
4458,1
4459,1
4460,1
4461,0
4462,1
4463,1
4464,1
4465,1
4466,1
4467,0
4468,1
4469,0
4470,0
4471,0
4472,0
4473,0
4474,0
4475,0
4476,1
4477,0
4478,0
4479,0
4480,1
4481,1
4482,1
4483,0
4484,0
4485,1
4486,1
4487,1
4488,0
4489,1
4490,1
4491,0
4492,1
4493,1
4494,1
4495,0
4496,1
4497,1
4498,1
4499,0
4500,1
4501,0
4502,1
4503,1
4504,0
4505,0
4506,0
4507,0
4508,0
4509,0
4510,0
4511,1
4512,1
4513,1
4514,1
4515,1
4516,0
4517,1
4518,0
4519,1
4520,0
4521,1
4522,1
4523,0
4524,1
4525,1
4526,1
4527,1
4528,1
4529,0
4530,0
4531,0
4532,0
4533,1
4534,0
4535,1
4536,1
4537,1
4538,1
4539,0
4540,1
4541,0
4542,1
4543,1
4544,1
4545,0
4546,1
4547,0
4548,1
4549,1
4550,0
4551,1
4552,0
4553,1
4554,1
4555,1
4556,0
4557,0
4558,1
4559,1
4560,0
4561,1
4562,0
4563,0
4564,0
4565,1
4566,1
4567,0
4568,1
4569,1
4570,1
4571,0
4572,0
4573,0
4574,0
4575,0
4576,0
4577,1
4578,1
4579,1
4580,1
4581,0
4582,0
4583,1
4584,1
4585,1
4586,0
4587,1
4588,1
4589,0
4590,1
4591,0
4592,0
4593,0
4594,1
4595,1
4596,1
4597,0
4598,0
4599,1
4600,0
4601,1
4602,0
4603,1
4604,0
4605,0
4606,1
4607,1
4608,0
4609,0
4610,0
4611,1
4612,0
4613,0
4614,1
4615,0
4616,0
4617,1
4618,1
4619,0
4620,0
4621,0
4622,0
4623,0
4624,1
4625,0
4626,1
4627,0
4628,1
4629,0
4630,0
4631,0
4632,1
4633,0
4634,1
4635,0
4636,0
4637,1
4638,0
4639,1
4640,1
4641,1
4642,1
4643,1
4644,0
4645,1
4646,1
4647,1
4648,1
4649,1
4650,1
4651,0
4652,1
4653,0
4654,1
4655,1
4656,0
4657,1
4658,1
4659,1
4660,0
4661,1
4662,1
4663,1
4664,0
4665,1
4666,1
4667,1
4668,0
4669,0
4670,1
4671,1
4672,1
4673,0
4674,1
4675,1
4676,0
4677,1
4678,1
4679,0
4680,1
4681,0
4682,0
4683,0
4684,1
4685,0
4686,0
4687,1
4688,1
4689,1
4690,0
4691,1
4692,1
4693,1
4694,1
4695,0
4696,0
4697,1
4698,0
4699,1
4700,1
4701,1
4702,1
4703,1
4704,0
4705,1
4706,0
4707,0
4708,1
4709,1
4710,0
4711,1
4712,0
4713,0
4714,1
4715,0
4716,0
4717,0
4718,0
4719,0
4720,0
4721,0
4722,1
4723,1
4724,1
4725,1
4726,0
4727,0
4728,1
4729,0
4730,0
4731,1
4732,1
4733,0
4734,1
4735,0
4736,0
4737,1
4738,1
4739,0
4740,0
4741,0
4742,1
4743,0
4744,1
4745,1
4746,1
4747,1
4748,1
4749,1
4750,1
4751,0
4752,0
4753,0
4754,1
4755,1
4756,1
4757,1
4758,0
4759,1
4760,0
4761,0
4762,0
4763,1
4764,1
4765,1
4766,0
4767,0
4768,1
4769,0
4770,0
4771,1
4772,0
4773,1
4774,0
4775,1
4776,1
4777,0
4778,0
4779,0
4780,1
4781,0
4782,0
4783,0
4784,1
4785,1
4786,1
4787,1
4788,1
4789,1
4790,1
4791,1
4792,0
4793,1
4794,1
4795,1
4796,0
4797,1
4798,0
4799,0
4800,0
4801,0
4802,0
4803,0
4804,0
4805,1
4806,0
4807,0
4808,0
4809,0
4810,1
4811,1
4812,0
4813,0
4814,0
4815,1
4816,0
4817,0
4818,1
4819,1
4820,1
4821,0
4822,0
4823,1
4824,1
4825,0
4826,1
4827,0
4828,0
4829,1
4830,1
4831,0
4832,1
4833,1
4834,0
4835,0
4836,1
4837,1
4838,1
4839,1
4840,0
4841,0
4842,0
4843,0
4844,0
4845,1
4846,1
4847,0
4848,1
4849,0
4850,0
4851,1
4852,0
4853,1
4854,0
4855,0
4856,0
4857,0
4858,0
4859,1
4860,1
4861,1
4862,1
4863,1
4864,1
4865,0
4866,1
4867,1
4868,0
4869,0
4870,0
4871,1
4872,0
4873,0
4874,1
4875,1
4876,0
4877,0
4878,0
4879,0
4880,1
4881,0
4882,1
4883,1
4884,0
4885,0
4886,0
4887,0
4888,0
4889,1
4890,1
4891,1
4892,1
4893,1
4894,1
4895,1
4896,1
4897,0
4898,0
4899,0
4900,0
4901,0
4902,0
4903,0
4904,0
4905,0
4906,0
4907,1
4908,1
4909,1
4910,0
4911,0
4912,0
4913,1
4914,0
4915,1
4916,1
4917,0
4918,0
4919,0
4920,0
4921,0
4922,0
4923,0
4924,0
4925,1
4926,0
4927,0
4928,0
4929,1
4930,1
4931,1
4932,0
4933,1
4934,0
4935,0
4936,1
4937,1
4938,1
4939,1
4940,0
4941,1
4942,0
4943,1
4944,1
4945,0
4946,0
4947,1
4948,0
4949,1
4950,0
4951,0
4952,1
4953,0
4954,1
4955,1
4956,0
4957,0
4958,0
4959,1
4960,1
4961,0
4962,1
4963,0
4964,0
4965,1
4966,0
4967,0
4968,0
4969,0
4970,0
4971,0
4972,1
4973,1
4974,0
4975,0
4976,0
4977,1
4978,0
4979,0
4980,1
4981,1
4982,0
4983,0
4984,1
4985,0
4986,0
4987,0
4988,0
4989,1
4990,0
4991,0
4992,1
4993,0
4994,1
4995,1
4996,1
4997,0
4998,0
4999,0
5000,1
5001,1
5002,1
5003,0
5004,0
5005,0
5006,1
5007,0
5008,0
5009,0
5010,0
5011,0
5012,0
5013,0
5014,1
5015,0
5016,1
5017,1
5018,1
5019,1
5020,1
5021,1
5022,1
5023,1
5024,0
5025,1
5026,1
5027,0
5028,0
5029,0
5030,0
5031,0
5032,0
5033,0
5034,0
5035,1
5036,0
5037,1
5038,0
5039,0
5040,1
5041,0
5042,1
5043,0
5044,1
5045,0
5046,0
5047,1
5048,1
5049,1
5050,1
5051,1
5052,1
5053,0
5054,1
5055,1
5056,1
5057,0
5058,0
5059,0
5060,0
5061,1
5062,0
5063,0
5064,1
5065,1
5066,0
5067,1
5068,1
5069,1
5070,0
5071,0
5072,1
5073,0
5074,1
5075,0
5076,0
5077,0
5078,1
5079,1
5080,1
5081,1
5082,1
5083,1
5084,1
5085,1
5086,1
5087,1
5088,1
5089,1
5090,0
5091,1
5092,0
5093,1
5094,0
5095,0
5096,1
5097,1
5098,0
5099,1
5100,1
5101,1
5102,1
5103,1
5104,0
5105,1
5106,0
5107,0
5108,1
5109,1
5110,1
5111,1
5112,1
5113,1
5114,1
5115,0
5116,1
5117,1
5118,1
5119,1
5120,0
5121,1
5122,1
5123,1
5124,0
5125,0
5126,0
5127,1
5128,0
5129,0
5130,0
5131,1
5132,1
5133,0
5134,1
5135,0
5136,1
5137,1
5138,1
5139,1
5140,0
5141,0
5142,0
5143,1
5144,1
5145,1
5146,0
5147,1
5148,1
5149,1
5150,0
5151,0
5152,0
5153,0
5154,1
5155,1
5156,1
5157,0
5158,0
5159,0
5160,1
5161,1
5162,0
5163,0
5164,1
5165,1
5166,1
5167,1
5168,1
5169,1
5170,0
5171,1
5172,0
5173,1
5174,1
5175,1
5176,0
5177,1
5178,1
5179,1
5180,0
5181,1
5182,0
5183,0
5184,0
5185,1
5186,0
5187,0
5188,0
5189,1
5190,1
5191,1
5192,1
5193,1
5194,0
5195,1
5196,1
5197,0
5198,1
5199,1
5200,0
5201,1
5202,1
5203,0
5204,1
5205,1
5206,1
5207,0
5208,1
5209,0
5210,0
5211,0
5212,1
5213,1
5214,0
5215,0
5216,0
5217,0
5218,0
5219,1
5220,0
5221,1
5222,1
5223,1
5224,1
5225,1
5226,1
5227,1
5228,0
5229,0
5230,1
5231,1
5232,1
5233,0
5234,0
5235,1
5236,0
5237,0
5238,1
5239,1
5240,1
5241,0
5242,0
5243,0
5244,1
5245,0
5246,1
5247,1
5248,1
5249,0
5250,0
5251,1
5252,1
5253,1
5254,1
5255,0
5256,0
5257,1
5258,1
5259,0
5260,1
5261,0
5262,1
5263,1
5264,1
5265,0
5266,1
5267,0
5268,1
5269,1
5270,0
5271,1
5272,1
5273,0
5274,1
5275,1
5276,1
5277,0
5278,1
5279,0
5280,0
5281,0
5282,1
5283,1
5284,1
5285,0
5286,0
5287,1
5288,1
5289,0
5290,0
5291,0
5292,0
5293,0
5294,0
5295,1
5296,1
5297,1
5298,0
5299,0
5300,0
5301,1
5302,0
5303,0
5304,1
5305,1
5306,1
5307,0
5308,1
5309,0
5310,1
5311,0
5312,0
5313,1
5314,0
5315,1
5316,0
5317,0
5318,0
5319,0
5320,1
5321,0
5322,0
5323,0
5324,0
5325,1
5326,0
5327,1
5328,0
5329,0
5330,0
5331,0
5332,0
5333,0
5334,1
5335,1
5336,1
5337,1
5338,0
5339,1
5340,1
5341,1
5342,0
5343,1
5344,1
5345,0
5346,1
5347,0
5348,0
5349,1
5350,1
5351,1
5352,0
5353,1
5354,1
5355,1
5356,1
5357,0
5358,1
5359,0
5360,1
5361,0
5362,1
5363,0
5364,1
5365,1
5366,1
5367,1
5368,1
5369,0
5370,1
5371,0
5372,1
5373,1
5374,1
5375,0
5376,0
5377,0
5378,0
5379,0
5380,1
5381,1
5382,1
5383,0
5384,0
5385,1
5386,0
5387,0
5388,1
5389,0
5390,0
5391,0
5392,1
5393,0
5394,0
5395,1
5396,1
5397,0
5398,0
5399,1
5400,1
5401,0
5402,1
5403,1
5404,0
5405,1
5406,0
5407,0
5408,1
5409,1
5410,1
5411,0
5412,0
5413,1
5414,1
5415,1
5416,0
5417,0
5418,1
5419,0
5420,0
5421,1
5422,1
5423,0
5424,0
5425,0
5426,0
5427,1
5428,0
5429,1
5430,0
5431,0
5432,0
5433,0
5434,0
5435,0
5436,0
5437,1
5438,0
5439,1
5440,0
5441,0
5442,1
5443,1
5444,1
5445,1
5446,1
5447,1
5448,1
5449,0
5450,1
5451,0
5452,1
5453,1
5454,0
5455,0
5456,0
5457,1
5458,0
5459,0
5460,0
5461,1
5462,1
5463,0
5464,1
5465,0
5466,1
5467,0
5468,1
5469,0
5470,0
5471,1
5472,0
5473,0
5474,0
5475,1
5476,1
5477,0
5478,0
5479,1
5480,1
5481,1
5482,1
5483,0
5484,0
5485,0
5486,1
5487,0
5488,1
5489,0
5490,1
5491,1
5492,0
5493,0
5494,0
5495,0
5496,0
5497,0
5498,1
5499,1
5500,1
5501,1
5502,1
5503,0
5504,0
5505,1
5506,1
5507,1
5508,1
5509,0
5510,0
5511,1
5512,0
5513,0
5514,1
5515,0
5516,0
5517,0
5518,1
5519,0
5520,0
5521,0
5522,1
5523,0
5524,1
5525,1
5526,1
5527,0
5528,1
5529,0
5530,0
5531,1
5532,1
5533,0
5534,0
5535,0
5536,0
5537,1
5538,0
5539,0
5540,1
5541,1
5542,0
5543,1
5544,0
5545,1
5546,1
5547,1
5548,0
5549,1
5550,1
5551,1
5552,1
5553,1
5554,1
5555,0
5556,0
5557,0
5558,1
5559,1
5560,0
5561,1
5562,0
5563,0
5564,0
5565,0
5566,1
5567,0
5568,1
5569,1
5570,1
5571,0
5572,0
5573,0
5574,0
5575,1
5576,1
5577,0
5578,1
5579,0
5580,1
5581,1
5582,0
5583,0
5584,1
5585,1
5586,0
5587,1
5588,0
5589,1
5590,0
5591,0
5592,1
5593,1
5594,1
5595,1
5596,1
5597,0
5598,0
5599,0
5600,0
5601,0
5602,1
5603,0
5604,0
5605,1
5606,0
5607,0
5608,1
5609,1
5610,0
5611,0
5612,1
5613,0
5614,0
5615,0
5616,1
5617,1
5618,1
5619,0
5620,0
5621,0
5622,0
5623,1
5624,1
5625,0
5626,1
5627,1
5628,1
5629,0
5630,0
5631,0
5632,1
5633,0
5634,1
5635,1
5636,0
5637,0
5638,1
5639,0
5640,1
5641,1
5642,1
5643,1
5644,1
5645,1
5646,0
5647,1
5648,1
5649,1
5650,0
5651,0
5652,0
5653,1
5654,0
5655,1
5656,1
5657,1
5658,1
5659,0
5660,1
5661,0
5662,1
5663,1
5664,0
5665,1
5666,1
5667,0
5668,0
5669,1
5670,1
5671,1
5672,1
5673,1
5674,1
5675,1
5676,1
5677,1
5678,1
5679,0
5680,1
5681,1
5682,0
5683,0
5684,0
5685,1
5686,0
5687,1
5688,1
5689,1
5690,0
5691,1
5692,1
5693,1
5694,1
5695,0
5696,0
5697,1
5698,0
5699,0
5700,1
5701,0
5702,0
5703,1
5704,0
5705,0
5706,1
5707,0
5708,0
5709,0
5710,0
5711,1
5712,1
5713,0
5714,1
5715,0
5716,0
5717,1
5718,1
5719,1
5720,1
5721,1
5722,1
5723,1
5724,0
5725,1
5726,1
5727,1
5728,1
5729,1
5730,0
5731,1
5732,0
5733,0
5734,1
5735,1
5736,0
5737,0
5738,1
5739,0
5740,1
5741,0
5742,0
5743,1
5744,0
5745,1
5746,0
5747,1
5748,1
5749,1
5750,0
5751,0
5752,0
5753,0
5754,0
5755,0
5756,1
5757,1
5758,1
5759,0
5760,0
5761,1
5762,1
5763,0
5764,1
5765,1
5766,0
5767,1
5768,0
5769,0
5770,0
5771,0
5772,1
5773,1
5774,1
5775,1
5776,1
5777,0
5778,0
5779,0
5780,0
5781,0
5782,0
5783,1
5784,1
5785,1
5786,1
5787,1
5788,0
5789,1
5790,1
5791,0
5792,0
5793,1
5794,0
5795,1
5796,1
5797,0
5798,1
5799,1
5800,0
5801,0
5802,0
5803,1
5804,0
5805,1
5806,1
5807,0
5808,0
5809,0
5810,1
5811,1
5812,1
5813,0
5814,0
5815,0
5816,1
5817,0
5818,1
5819,0
5820,1
5821,0
5822,1
5823,1
5824,0
5825,0
5826,1
5827,1
5828,0
5829,1
5830,0
5831,0
5832,0
5833,0
5834,0
5835,0
5836,0
5837,1
5838,0
5839,1
5840,1
5841,0
5842,1
5843,0
5844,1
5845,1
5846,0
5847,0
5848,0
5849,0
5850,1
5851,1
5852,1
5853,0
5854,0
5855,0
5856,0
5857,1
5858,0
5859,1
5860,1
5861,1
5862,1
5863,0
5864,1
5865,1
5866,0
5867,1
5868,0
5869,1
5870,1
5871,1
5872,0
5873,1
5874,0
5875,1
5876,0
5877,1
5878,1
5879,0
5880,0
5881,1
5882,1
5883,1
5884,0
5885,1
5886,1
5887,1
5888,0
5889,0
5890,0
5891,0
5892,1
5893,1
5894,0
5895,1
5896,0
5897,1
5898,0
5899,0
5900,1
5901,0
5902,1
5903,1
5904,1
5905,1
5906,1
5907,1
5908,1
5909,1
5910,0
5911,1
5912,0
5913,1
5914,0
5915,0
5916,1
5917,0
5918,1
5919,0
5920,0
5921,1
5922,1
5923,1
5924,0
5925,0
5926,0
5927,1
5928,1
5929,0
5930,1
5931,0
5932,0
5933,1
5934,1
5935,1
5936,1
5937,1
5938,1
5939,1
5940,0
5941,0
5942,1
5943,0
5944,0
5945,1
5946,0
5947,1
5948,1
5949,1
5950,0
5951,0
5952,0
5953,1
5954,0
5955,1
5956,1
5957,0
5958,0
5959,1
5960,1
5961,0
5962,0
5963,1
5964,1
5965,0
5966,1
5967,0
5968,1
5969,0
5970,1
5971,0
5972,1
5973,1
5974,1
5975,0
5976,0
5977,1
5978,0
5979,1
5980,0
5981,0
5982,0
5983,1
5984,0
5985,1
5986,1
5987,1
5988,0
5989,1
5990,0
5991,0
5992,1
5993,1
5994,1
5995,1
5996,0
5997,1
5998,0
5999,0
6000,1
6001,1
6002,0
6003,0
6004,1
6005,0
6006,0
6007,0
6008,1
6009,0
6010,0
6011,0
6012,0
6013,1
6014,1
6015,1
6016,0
6017,0
6018,1
6019,0
6020,1
6021,0
6022,1
6023,1
6024,1
6025,1
6026,0
6027,0
6028,1
6029,0
6030,0
6031,1
6032,1
6033,1
6034,1
6035,1
6036,1
6037,1
6038,1
6039,1
6040,0
6041,1
6042,0
6043,0
6044,1
6045,1
6046,0
6047,1
6048,1
6049,0
6050,1
6051,1
6052,0
6053,1
6054,0
6055,1
6056,1
6057,0
6058,1
6059,1
6060,1
6061,1
6062,0
6063,1
6064,0
6065,1
6066,1
6067,1
6068,1
6069,1
6070,0
6071,1
6072,1
6073,1
6074,0
6075,1
6076,1
6077,1
6078,1
6079,0
6080,1
6081,0
6082,1
6083,0
6084,0
6085,1
6086,0
6087,1
6088,1
6089,1
6090,1
6091,0
6092,0
6093,0
6094,1
6095,0
6096,0
6097,1
6098,1
6099,0
6100,1
6101,0
6102,1
6103,0
6104,1
6105,1
6106,0
6107,1
6108,1
6109,0
6110,1
6111,1
6112,1
6113,0
6114,1
6115,1
6116,1
6117,0
6118,1
6119,1
6120,0
6121,1
6122,1
6123,1
6124,0
6125,1
6126,1
6127,0
6128,0
6129,0
6130,0
6131,0
6132,0
6133,1
6134,0
6135,0
6136,1
6137,0
6138,1
6139,0
6140,1
6141,1
6142,0
6143,0
6144,1
6145,1
6146,1
6147,0
6148,1
6149,0
6150,0
6151,1
6152,0
6153,0
6154,0
6155,1
6156,0
6157,0
6158,1
6159,0
6160,0
6161,1
6162,0
6163,0
6164,0
6165,1
6166,1
6167,1
6168,1
6169,0
6170,1
6171,1
6172,0
6173,0
6174,1
6175,1
6176,0
6177,1
6178,0
6179,0
6180,0
6181,1
6182,1
6183,0
6184,1
6185,0
6186,0
6187,1
6188,0
6189,0
6190,0
6191,1
6192,1
6193,1
6194,1
6195,0
6196,0
6197,1
6198,1
6199,1
6200,1
6201,1
6202,1
6203,1
6204,0
6205,0
6206,0
6207,1
6208,1
6209,0
6210,1
6211,0
6212,1
6213,0
6214,0
6215,0
6216,0
6217,0
6218,1
6219,1
6220,0
6221,0
6222,1
6223,1
6224,1
6225,0
6226,1
6227,1
6228,0
6229,1
6230,1
6231,0
6232,0
6233,1
6234,0
6235,1
6236,0
6237,1
6238,1
6239,1
6240,1
6241,0
6242,0
6243,0
6244,1
6245,0
6246,0
6247,1
6248,1
6249,1
6250,1
6251,0
6252,1
6253,0
6254,0
6255,1
6256,0
6257,1
6258,1
6259,0
6260,0
6261,0
6262,0
6263,1
6264,1
6265,0
6266,1
6267,1
6268,0
6269,0
6270,1
6271,0
6272,1
6273,1
6274,0
6275,0
6276,0
6277,1
6278,0
6279,1
6280,0
6281,0
6282,0
6283,0
6284,1
6285,1
6286,1
6287,0
6288,1
6289,1
6290,0
6291,0
6292,0
6293,0
6294,0
6295,1
6296,1
6297,0
6298,0
6299,0
6300,1
6301,0
6302,0
6303,0
6304,0
6305,0
6306,1
6307,0
6308,1
6309,1
6310,1
6311,0
6312,0
6313,0
6314,1
6315,1
6316,1
6317,0
6318,1
6319,1
6320,1
6321,1
6322,1
6323,0
6324,1
6325,1
6326,0
6327,1
6328,0
6329,0
6330,0
6331,1
6332,0
6333,0
6334,1
6335,0
6336,1
6337,0
6338,0
6339,0
6340,0
6341,0
6342,0
6343,1
6344,1
6345,0
6346,0
6347,1
6348,1
6349,0
6350,0
6351,1
6352,1
6353,0
6354,0
6355,1
6356,1
6357,1
6358,1
6359,0
6360,0
6361,1
6362,0
6363,0
6364,0
6365,0
6366,1
6367,1
6368,0
6369,1
6370,1
6371,0
6372,1
6373,1
6374,0
6375,0
6376,1
6377,1
6378,0
6379,0
6380,1
6381,1
6382,0
6383,0
6384,0
6385,0
6386,1
6387,0
6388,1
6389,1
6390,1
6391,0
6392,1
6393,1
6394,1
6395,1
6396,1
6397,0
6398,0
6399,1
6400,1
6401,0
6402,0
6403,1
6404,1
6405,0
6406,1
6407,1
6408,1
6409,1
6410,0
6411,0
6412,0
6413,1
6414,1
6415,1
6416,0
6417,0
6418,1
6419,1
6420,0
6421,0
6422,0
6423,0
6424,1
6425,0
6426,0
6427,1
6428,1
6429,1
6430,1
6431,0
6432,0
6433,1
6434,1
6435,0
6436,1
6437,1
6438,0
6439,1
6440,1
6441,0
6442,0
6443,1
6444,1
6445,0
6446,0
6447,0
6448,1
6449,1
6450,1
6451,0
6452,1
6453,1
6454,0
6455,0
6456,0
6457,1
6458,0
6459,0
6460,1
6461,0
6462,1
6463,0
6464,0
6465,0
6466,1
6467,0
6468,0
6469,0
6470,1
6471,1
6472,1
6473,1
6474,1
6475,0
6476,0
6477,1
6478,0
6479,1
6480,0
6481,1
6482,1
6483,1
6484,1
6485,0
6486,0
6487,1
6488,1
6489,0
6490,1
6491,0
6492,1
6493,1
6494,0
6495,0
6496,0
6497,0
6498,1
6499,0
6500,0
6501,1
6502,1
6503,0
6504,1
6505,0
6506,0
6507,0
6508,0
6509,0
6510,0
6511,0
6512,1
6513,0
6514,1
6515,0
6516,0
6517,1
6518,0
6519,1
6520,1
6521,1
6522,1
6523,1
6524,1
6525,1
6526,0
6527,1
6528,1
6529,1
6530,0
6531,0
6532,1
6533,1
6534,1
6535,1
6536,1
6537,0
6538,0
6539,0
6540,1
6541,1
6542,1
6543,1
6544,0
6545,1
6546,0
6547,1
6548,1
6549,0
6550,0
6551,0
6552,1
6553,0
6554,1
6555,0
6556,1
6557,1
6558,1
6559,0
6560,1
6561,0
6562,0
6563,0
6564,0
6565,0
6566,0
6567,1
6568,1
6569,0
6570,0
6571,0
6572,0
6573,0
6574,0
6575,1
6576,0
6577,1
6578,0
6579,0
6580,1
6581,0
6582,1
6583,1
6584,0
6585,0
6586,1
6587,1
6588,0
6589,0
6590,1
6591,1
6592,0
6593,1
6594,1
6595,1
6596,1
6597,1
6598,1
6599,1
6600,1
6601,1
6602,1
6603,0
6604,1
6605,0
6606,1
6607,1
6608,1
6609,0
6610,1
6611,0
6612,0
6613,1
6614,1
6615,0
6616,1
6617,0
6618,1
6619,0
6620,0
6621,1
6622,0
6623,1
6624,1
6625,1
6626,1
6627,1
6628,1
6629,1
6630,1
6631,1
6632,0
6633,0
6634,0
6635,1
6636,0
6637,1
6638,1
6639,1
6640,1
6641,1
6642,0
6643,0
6644,0
6645,1
6646,1
6647,0
6648,0
6649,0
6650,1
6651,1
6652,0
6653,1
6654,1
6655,1
6656,0
6657,1
6658,1
6659,1
6660,1
6661,0
6662,1
6663,1
6664,1
6665,1
6666,1
6667,0
6668,1
6669,1
6670,1
6671,1
6672,1
6674,1
6675,0
6676,0
6677,0
6678,0
6679,1
6680,0
6681,1
6682,1
6683,0
6684,1
6685,1
6686,1
6687,1
6688,1
6689,1
6690,0
6691,0
6692,1
6693,1
6694,0
6695,1
6696,0
6697,0
6698,0
6699,1
6700,1
6701,1
6702,1
6703,0
6704,0
6705,1
6706,1
6707,0
6708,1
6709,1
6710,0
6711,0
6712,1
6713,1
6714,1
6715,1
6716,0
6717,0
6718,1
6719,1
6720,1
6721,0
6722,0
6723,1
6724,0
6725,1
6726,1
6727,1
6728,1
6729,1
6730,1
6731,1
6732,0
6733,0
6734,1
6735,1
6736,0
6737,0
6738,1
6739,0
6740,0
6741,1
6742,1
6743,1
6744,1
6745,0
6746,0
6747,0
6748,0
6749,1
6750,0
6751,1
6752,0
6753,1
6754,0
6755,1
6756,1
6757,1
6758,1
6759,1
6760,0
6761,1
6762,1
6763,1
6764,0
6765,0
6766,1
6767,1
6768,1
6769,0
6770,0
6771,1
6772,1
6773,1
6774,1
6775,0
6776,1
6777,1
6778,1
6779,1
6780,1
6781,0
6782,1
6783,1
6784,1
6785,0
6786,0
6787,0
6788,1
6789,0
6790,1
6791,0
6792,1
6793,0
6794,1
6795,1
6796,1
6797,1
6798,1
6799,1
6800,1
6801,1
6802,1
6803,1
6804,1
6805,0
6806,1
6807,1
6808,1
6809,0
6810,1
6811,1
6812,1
6813,1
6814,1
6815,0
6816,1
6817,0
6818,0
6819,0
6820,0
6821,0
6822,0
6823,1
6824,1
6825,1
6826,0
6827,1
6828,1
6829,0
6830,0
6831,0
6832,1
6833,0
6834,1
6835,0
6836,1
6837,0
6838,1
6839,0
6840,1
6841,0
6842,1
6843,0
6844,1
6845,0
6846,0
6847,0
6848,1
6849,0
6850,0
6851,1
6852,1
6853,1
6854,0
6855,1
6856,0
6857,0
6858,0
6859,1
6860,0
6861,1
6862,1
6863,1
6864,0
6865,1
6866,0
6867,1
6868,1
6869,1
6870,1
6871,1
6872,1
6873,0
6874,1
6875,0
6876,1
6877,1
6878,1
6879,1
6880,0
6881,0
6882,1
6883,0
6884,0
6885,0
6886,0
6887,0
6888,1
6889,0
6890,0
6891,0
6892,0
6893,1
6894,1
6895,1
6896,1
6897,1
6898,0
6899,1
6900,1
6901,1
6902,1
6903,0
6904,0
6905,0
6906,1
6907,1
6908,1
6909,0
6910,1
6911,1
6912,1
6913,1
6914,1
6915,1
6916,1
6917,0
6918,1
6919,0
6920,0
6921,1
6922,0
6923,1
6924,0
6925,0
6926,0
6927,1
6928,1
6929,1
6930,1
6931,0
6932,0
6933,1
6934,1
6935,0
6936,1
6937,0
6938,0
6939,0
6940,0
6941,1
6942,0
6943,1
6944,1
6945,0
6946,0
6947,1
6948,0
6949,1
6950,0
6951,1
6952,0
6953,1
6954,1
6955,0
6956,1
6957,0
6958,0
6959,1
6960,1
6961,1
6962,1
6963,0
6964,0
6965,0
6966,0
6967,1
6968,1
6969,1
6970,1
6971,0
6972,1
6973,0
6974,1
6975,1
6976,0
6977,1
6978,1
6979,1
6980,1
6981,1
6982,1
6983,0
6984,1
6985,0
6986,1
6987,0
6988,1
6989,1
6990,1
6991,1
6992,1
6993,1
6994,0
6995,1
6996,0
6997,1
6998,0
6999,0
7000,0
7001,1
7002,0
7003,0
7004,1
7005,1
7006,0
7007,1
7008,1
7009,1
7010,1
7011,0
7012,1
7013,1
7014,1
7015,1
7016,1
7017,0
7018,0
7019,0
7020,1
7021,1
7022,1
7023,0
7024,1
7025,1
7026,1
7027,1
7028,1
7029,1
7030,0
7031,1
7032,0
7033,1
7034,0
7035,0
7036,0
7037,1
7038,0
7039,0
7040,0
7041,1
7042,1
7043,0
7044,1
7045,1
7046,0
7047,0
7048,1
7049,0
7050,1
7051,1
7052,1
7053,1
7054,1
7055,1
7056,1
7057,1
7058,1
7059,0
7060,1
7061,1
7062,1
7063,1
7064,1
7065,1
7066,0
7067,0
7068,0
7069,1
7070,1
7071,0
7072,1
7073,0
7074,0
7075,1
7076,0
7077,1
7078,1
7079,0
7080,1
7081,0
7082,0
7083,0
7084,1
7085,0
7086,1
7087,0
7088,0
7089,0
7090,0
7091,1
7092,0
7093,0
7094,1
7095,1
7096,1
7097,0
7098,0
7099,1
7100,0
7101,0
7102,0
7103,1
7104,0
7105,0
7106,1
7107,1
7108,0
7109,0
7110,0
7111,1
7112,1
7113,0
7114,0
7115,0
7116,0
7117,0
7118,0
7119,1
7120,0
7121,1
7122,1
7123,1
7124,1
7125,1
7126,1
7127,0
7128,0
7129,1
7130,0
7131,0
7132,0
7133,1
7134,0
7135,0
7136,1
7137,1
7138,1
7139,0
7140,1
7141,0
7142,0
7143,0
7144,0
7145,0
7146,1
7147,1
7148,0
7149,0
7150,0
7151,1
7152,0
7153,0
7154,0
7155,1
7156,0
7157,0
7158,1
7159,1
7160,1
7161,0
7162,1
7163,0
7164,1
7165,0
7166,1
7167,1
7168,0
7169,1
7170,1
7171,1
7172,1
7173,0
7174,1
7175,0
7176,1
7177,1
7178,0
7179,1
7180,1
7181,0
7182,1
7183,0
7184,1
7185,0
7186,1
7187,1
7188,1
7189,1
7190,0
7191,0
7192,1
7193,1
7194,1
7195,0
7196,0
7197,0
7198,1
7199,1
7200,0
7201,0
7202,0
7203,1
7204,1
7205,1
7206,0
7207,0
7208,0
7209,1
7210,0
7211,0
7212,0
7213,0
7214,0
7215,1
7216,1
7217,0
7218,1
7219,1
7220,1
7221,0
7222,0
7223,0
7224,1
7225,0
7226,1
7227,1
7228,0
7229,1
7230,1
7231,0
7232,0
7233,0
7234,1
7235,0
7236,0
7237,0
7238,1
7239,0
7240,1
7241,1
7242,0
7243,1
7244,1
7245,1
7246,1
7247,1
7248,0
7249,0
7250,1
7251,1
7252,1
7253,1
7254,0
7255,1
7256,0
7257,1
7258,1
7259,0
7260,1
7261,1
7262,1
7263,1
7264,1
7265,0
7266,1
7267,0
7268,0
7269,1
7270,1
7271,1
7272,0
7273,0
7274,1
7275,0
7276,1
7277,1
7278,0
7279,0
7280,0
7281,1
7282,1
7283,0
7284,1
7285,0
7286,1
7287,0
7288,0
7289,1
7290,1
7291,1
7292,1
7293,1
7294,1
7295,0
7296,0
7297,0
7298,1
7299,0
7300,1
7301,1
7302,0
7303,1
7304,1
7305,0
7306,1
7307,0
7308,1
7309,1
7310,0
7311,1
7312,1
7313,1
7314,1
7315,1
7316,0
7317,0
7318,0
7319,1
7320,1
7321,1
7322,0
7323,1
7324,1
7325,0
7326,1
7327,1
7328,0
7329,1
7330,0
7331,1
7332,1
7333,0
7334,1
7335,1
7336,1
7337,0
7338,0
7339,1
7340,1
7341,1
7342,0
7343,0
7344,0
7345,0
7346,0
7347,1
7348,0
7349,1
7350,0
7351,0
7352,0
7353,1
7354,0
7355,1
7356,1
7357,1
7358,0
7359,1
7360,1
7361,0
7362,0
7363,1
7364,0
7365,1
7366,1
7367,1
7368,1
7369,1
7370,0
7371,0
7372,0
7373,1
7374,0
7375,0
7376,1
7377,0
7378,0
7379,1
7380,1
7381,0
7382,0
7383,1
7384,1
7385,1
7386,1
7387,1
7388,1
7389,1
7390,1
7391,1
7392,1
7393,1
7394,0
7395,1
7396,0
7397,0
7398,0
7399,1
7400,1
7401,0
7402,0
7403,0
7404,1
7405,1
7406,1
7407,0
7408,1
7409,0
7410,0
7411,0
7412,0
7413,1
7414,0
7415,1
7416,1
7417,0
7418,1
7419,1
7420,1
7421,1
7422,0
7423,0
7424,1
7425,0
7426,0
7427,0
7428,0
7429,1
7430,0
7431,0
7432,0
7433,0
7434,1
7435,1
7436,1
7437,0
7438,0
7439,1
7440,0
7441,0
7442,0
7443,0
7444,0
7445,0
7446,0
7447,1
7448,0
7449,1
7450,0
7451,1
7452,1
7453,0
7454,0
7455,0
7456,1
7457,0
7458,1
7459,1
7460,0
7461,1
7462,1
7463,1
7464,1
7465,1
7466,1
7467,0
7468,1
7469,1
7470,1
7471,1
7472,1
7473,0
7474,0
7475,1
7476,1
7477,1
7478,1
7479,1
7480,0
7481,1
7482,0
7483,0
7484,1
7485,1
7486,1
7487,1
7488,0
7489,0
7490,0
7491,1
7492,0
7493,1
7494,0
7495,0
7496,0
7497,0
7498,1
7499,1
7500,0
7501,0
7502,1
7503,1
7504,1
7505,1
7506,0
7507,1
7508,1
7509,1
7510,0
7511,0
7512,1
7513,1
7514,1
7515,1
7516,1
7517,1
7518,0
7519,1
7520,1
7521,1
7522,0
7523,0
7524,1
7525,0
7526,1
7527,0
7528,1
7529,0
7530,0
7531,0
7532,1
7533,1
7534,1
7535,1
7536,0
7537,1
7538,1
7539,0
7540,1
7541,0
7542,0
7543,1
7544,1
7545,1
7546,0
7547,1
7548,1
7549,0
7550,0
7551,1
7552,0
7553,0
7554,0
7555,1
7556,1
7557,1
7558,0
7559,1
7560,1
7561,0
7562,1
7563,1
7564,1
7565,1
7566,0
7567,0
7568,1
7569,1
7570,0
7571,0
7572,0
7573,1
7574,0
7575,1
7576,0
7577,1
7578,0
7579,1
7580,0
7581,0
7582,0
7583,1
7584,0
7585,0
7586,0
7587,0
7588,0
7589,0
7590,1
7591,0
7592,1
7593,1
7594,0
7595,0
7596,0
7597,0
7598,1
7599,0
7600,0
7601,1
7602,0
7603,0
7604,0
7605,0
7606,1
7607,0
7608,0
7609,1
7610,1
7611,0
7612,1
7613,0
7614,0
7615,0
7616,0
7617,1
7618,1
7619,1
7620,1
7621,0
7622,1
7623,0
7624,0
7625,1
7626,0
7627,0
7628,0
7629,0
7630,1
7631,0
7632,0
7633,0
7634,0
7635,1
7636,1
7637,1
7638,0
7639,1
7640,0
7641,0
7642,1
7643,0
7644,1
7645,0
7646,0
7647,0
7648,1
7649,1
7650,1
7651,1
7652,0
7653,0
7654,0
7655,0
7656,0
7657,1
7658,1
7659,1
7660,1
7661,1
7662,1
7663,1
7664,0
7665,0
7666,0
7667,0
7668,0
7669,0
7670,1
7671,1
7672,1
7673,1
7674,0
7675,0
7676,0
7677,0
7678,0
7679,1
7680,0
7681,1
7682,0
7683,0
7684,0
7685,0
7686,1
7687,0
7688,0
7689,0
7690,0
7691,1
7692,1
7693,0
7694,1
7695,1
7696,1
7697,0
7698,0
7699,0
7700,1
7701,1
7702,0
7703,1
7704,0
7705,0
7706,1
7707,0
7708,0
7709,0
7710,0
7711,1
7712,0
7713,1
7714,1
7715,0
7716,1
7717,0
7718,1
7719,1
7720,0
7721,0
7722,1
7723,0
7724,0
7725,0
7726,0
7727,0
7728,0
7729,0
7730,0
7731,1
7732,1
7733,1
7734,1
7735,0
7736,1
7737,1
7738,1
7739,0
7740,0
7741,0
7742,0
7743,1
7744,0
7745,0
7746,0
7747,0
7748,1
7749,1
7750,1
7751,1
7752,0
7753,0
7754,0
7755,0
7756,0
7757,0
7758,1
7759,0
7760,0
7761,0
7762,0
7763,1
7764,0
7765,1
7766,1
7767,0
7768,1
7769,0
7770,0
7771,0
7772,1
7773,0
7774,0
7775,1
7776,1
7777,1
7778,0
7779,0
7780,0
7781,0
7782,0
7783,1
7784,0
7785,0
7786,0
7787,0
7788,1
7789,1
7790,1
7791,0
7792,1
7793,1
7794,1
7795,1
7796,1
7797,1
7798,0
7799,1
7800,0
7801,1
7802,0
7803,1
7804,0
7805,1
7806,0
7807,0
7808,0
7809,1
7810,1
7811,0
7812,1
7813,0
7814,0
7815,0
7816,0
7817,0
7818,0
7819,1
7820,1
7821,0
7822,0
7823,0
7824,1
7825,1
7826,0
7827,1
7828,1
7829,0
7830,1
7831,0
7832,1
7833,0
7834,1
7835,1
7836,0
7837,1
7838,0
7839,0
7840,0
7841,0
7842,1
7843,1
7844,1
7845,1
7846,1
7847,0
7848,1
7849,0
7850,1
7851,0
7852,0
7853,1
7854,1
7855,1
7856,1
7857,0
7858,0
7859,1
7860,1
7861,0
7862,1
7863,0
7864,0
7865,1
7866,0
7867,1
7868,1
7869,0
7870,0
7871,0
7872,1
7873,1
7874,0
7875,0
7876,0
7877,0
7878,0
7879,0
7880,0
7881,0
7882,0
7883,1
7884,1
7885,0
7886,0
7887,0
7888,1
7889,1
7890,1
7891,0
7892,1
7893,1
7894,0
7895,1
7896,1
7897,1
7898,0
7899,1
7900,0
7901,0
7902,0
7903,1
7904,1
7905,1
7906,1
7907,0
7908,1
7909,1
7910,1
7911,0
7912,1
7913,0
7914,1
7915,0
7916,1
7917,0
7918,0
7919,0
7920,1
7921,0
7922,1
7923,1
7924,1
7925,0
7926,1
7927,0
7928,0
7929,0
7930,0
7931,1
7932,0
7933,0
7934,1
7935,0
7936,1
7937,1
7938,1
7939,1
7940,1
7941,0
7942,0
7943,0
7944,0
7945,1
7946,1
7947,1
7948,0
7949,0
7950,1
7951,1
7952,1
7953,1
7954,1
7955,1
7956,1
7957,0
7958,1
7959,1
7960,1
7961,1
7962,0
7963,1
7964,1
7965,0
7966,1
7967,1
7968,1
7969,1
7970,1
7971,0
7972,0
7973,0
7974,0
7975,1
7976,0
7977,0
7978,1
7979,1
7980,1
7981,1
7982,1
7983,0
7984,1
7985,0
7986,0
7987,1
7988,1
7989,1
7990,1
7991,1
7992,1
7993,0
7994,1
7995,0
7996,1
7997,0
7998,1
7999,1
8000,0
8001,1
8002,1
8003,0
8004,1
8005,1
8006,0
8007,0
8008,0
8009,1
8010,1
8011,1
8012,0
8013,1
8014,1
8015,1
8016,0
8017,1
8018,0
8019,1
8020,0
8021,1
8022,0
8023,0
8024,1
8025,0
8026,0
8027,0
8028,0
8029,0
8030,1
8031,0
8032,1
8033,1
8034,0
8035,0
8036,0
8037,0
8038,1
8039,1
8040,1
8041,1
8042,1
8043,0
8044,0
8045,0
8046,1
8047,0
8048,0
8049,1
8050,1
8051,0
8052,0
8053,0
8054,0
8055,0
8056,1
8057,0
8058,1
8059,1
8060,1
8061,1
8062,1
8063,0
8064,1
8065,0
8066,1
8067,0
8068,0
8069,1
8070,1
8071,0
8072,1
8073,0
8074,1
8075,0
8076,1
8077,0
8078,0
8079,1
8080,1
8081,0
8082,0
8083,1
8084,0
8085,0
8086,1
8087,0
8088,0
8089,1
8090,1
8091,1
8092,0
8093,1
8094,0
8095,1
8096,0
8097,1
8098,0
8099,0
8100,1
8101,1
8102,1
8103,1
8104,0
8105,0
8106,0
8107,0
8108,0
8109,1
8110,0
8111,1
8112,0
8113,0
8114,1
8115,0
8116,1
8117,0
8118,1
8119,0
8120,0
8121,1
8122,1
8123,1
8124,0
8125,1
8126,0
8127,1
8128,1
8129,1
8130,0
8131,1
8132,1
8133,1
8134,1
8135,1
8136,1
8137,1
8138,0
8139,1
8140,0
8141,0
8142,1
8143,1
8144,1
8145,0
8146,0
8147,1
8148,0
8149,1
8150,1
8151,1
8152,0
8153,1
8154,0
8155,0
8156,1
8157,0
8158,0
8159,0
8160,1
8161,1
8162,0
8163,0
8164,1
8165,1
8166,1
8167,1
8168,0
8169,1
8170,0
8171,1
8172,1
8173,1
8174,1
8175,0
8176,1
8177,1
8178,0
8179,1
8180,0
8181,1
8182,0
8183,0
8184,1
8185,0
8186,1
8187,1
8188,1
8189,1
8190,1
8191,0
8192,0
8193,1
8194,1
8195,1
8196,0
8197,0
8198,1
8199,1
8200,0
8201,0
8202,1
8203,0
8204,0
8205,1
8206,1
8207,1
8208,1
8209,1
8210,1
8211,0
8212,0
8213,0
8214,1
8215,0
8216,0
8217,1
8218,1
8219,1
8220,0
8221,0
8222,0
8223,1
8224,1
8225,0
8226,0
8227,0
8228,1
8229,1
8230,1
8231,1
8232,0
8233,1
8234,0
8235,0
8236,0
8237,0
8238,0
8239,1
8240,1
8241,0
8242,0
8243,1
8244,1
8245,1
8246,0
8247,1
8248,1
8249,1
8250,1
8251,0
8252,0
8253,1
8254,0
8255,0
8256,0
8257,1
8258,0
8259,0
8260,1
8261,1
8262,0
8263,0
8264,1
8265,0
8266,0
8267,1
8268,1
8269,1
8270,0
8271,0
8272,1
8273,0
8274,1
8275,1
8276,0
8277,0
8278,0
8279,1
8280,1
8281,0
8282,1
8283,1
8284,0
8285,0
8286,0
8287,0
8288,1
8289,1
8290,1
8291,0
8292,1
8293,0
8294,1
8295,1
8296,0
8297,1
8298,1
8299,1
8300,1
8301,0
8302,0
8303,0
8304,0
8305,0
8306,0
8307,0
8308,1
8309,0
8310,1
8311,0
8312,1
8313,0
8314,1
8315,0
8316,1
8317,1
8318,0
8319,0
8320,1
8321,0
8322,0
8323,1
8324,0
8325,1
8326,1
8327,0
8328,0
8329,0
8330,1
8331,1
8332,1
8333,0
8334,0
8335,1
8336,0
8337,0
8338,0
8339,1
8340,1
8341,0
8342,1
8343,0
8344,0
8345,0
8346,0
8347,1
8348,1
8349,0
8350,0
8351,1
8352,0
8353,1
8354,1
8355,0
8356,0
8357,0
8358,0
8359,1
8360,1
8361,1
8362,0
8363,1
8364,1
8365,1
8366,1
8367,0
8368,1
8369,1
8370,0
8371,0
8372,1
8373,1
8374,0
8375,1
8376,0
8377,1
8378,0
8379,0
8380,0
8381,0
8382,0
8383,0
8384,0
8385,1
8386,1
8387,0
8388,0
8389,0
8390,1
8391,1
8392,0
8393,0
8394,1
8395,0
8396,0
8397,0
8398,0
8399,1
8400,1
8401,1
8402,1
8403,1
8404,0
8405,1
8406,0
8407,0
8408,0
8409,0
8410,0
8411,0
8412,1
8413,0
8414,1
8415,0
8416,1
8417,1
8418,1
8419,1
8420,0
8421,1
8422,1
8423,0
8424,1
8425,0
8426,1
8427,1
8428,1
8429,1
8430,1
8431,1
8432,0
8433,0
8434,0
8435,0
8436,0
8437,0
8438,0
8439,1
8440,1
8441,1
8442,0
8443,0
8444,0
8445,0
8446,1
8447,0
8448,1
8449,1
8450,1
8451,0
8452,1
8453,1
8454,1
8455,1
8456,0
8457,0
8458,1
8459,1
8460,0
8461,1
8462,1
8463,1
8464,1
8465,0
8466,1
8467,0
8468,0
8469,0
8470,1
8471,0
8472,1
8473,1
8474,1
8475,1
8476,1
8477,0
8478,1
8479,0
8480,0
8481,1
8482,1
8483,0
8484,0
8485,0
8486,1
8487,0
8488,1
8489,0
8490,1
8491,0
8492,0
8493,1
8494,0
8495,0
8496,1
8497,1
8498,1
8499,0
8500,0
8501,1
8502,1
8503,0
8504,0
8505,1
8506,0
8507,0
8508,0
8509,0
8510,1
8511,0
8512,1
8513,0
8514,0
8515,1
8516,0
8517,1
8518,1
8519,0
8520,0
8521,1
8522,0
8523,1
8524,1
8525,1
8526,1
8527,1
8528,1
8529,1
8530,1
8531,1
8532,1
8533,1
8534,1
8535,1
8536,1
8537,1
8538,0
8539,1
8540,1
8541,1
8542,1
8543,0
8544,0
8545,1
8546,0
8547,1
8548,1
8549,1
8550,1
8551,1
8552,1
8553,0
8554,1
8555,0
8556,1
8557,0
8558,1
8559,1
8560,0
8561,0
8562,0
8563,0
8564,1
8565,1
8566,0
8567,1
8568,1
8569,0
8570,1
8571,0
8572,0
8573,0
8574,1
8575,0
8576,1
8577,0
8578,0
8579,0
8580,1
8581,0
8582,1
8583,1
8584,0
8585,0
8586,1
8587,1
8588,1
8589,1
8590,0
8591,0
8592,1
8593,1
8594,1
8595,1
8596,1
8597,0
8598,0
8599,1
8600,1
8601,0
8602,1
8603,0
8604,0
8605,1
8606,0
8607,0
8608,1
8609,0
8610,1
8611,0
8612,1
8613,1
8614,0
8615,0
8616,0
8617,1
8618,0
8619,1
8620,0
8621,0
8622,0
8623,1
8624,0
8625,0
8626,0
8627,1
8628,1
8629,1
8630,1
8631,0
8632,1
8633,0
8634,1
8635,0
8636,0
8637,1
8638,0
8639,1
8640,0
8641,0
8642,1
8643,0
8644,1
8645,0
8646,1
8647,0
8648,1
8649,0
8650,1
8651,0
8652,1
8653,1
8654,0
8655,1
8656,0
8657,1
8658,0
8659,0
8660,1
8661,1
8662,1
8663,1
8664,0
8665,0
8666,1
8667,0
8668,0
8669,0
8670,0
8671,1
8672,1
8673,0
8674,1
8675,0
8676,1
8677,0
8678,1
8679,1
8680,1
8681,1
8682,1
8683,1
8684,0
8685,0
8686,1
8687,1
8688,0
8689,1
8690,1
8691,0
8692,1
8693,1
8694,1
8695,1
8696,1
8697,0
8698,1
8699,0
8700,0
8701,0
8702,1
8703,0
8704,1
8705,1
8706,1
8707,0
8708,0
8709,0
8710,1
8711,0
8712,1
8713,1
8714,0
8715,0
8716,0
8717,1
8718,1
8719,0
8720,0
8721,0
8722,0
8723,1
8724,0
8725,0
8726,1
8727,0
8728,0
8729,1
8730,0
8731,1
8732,0
8733,0
8734,0
8735,1
8736,1
8737,1
8738,1
8739,0
8740,1
8741,1
8742,1
8743,0
8744,1
8745,1
8746,1
8747,0
8748,0
8749,1
8750,1
8751,1
8752,0
8753,0
8754,0
8755,1
8756,0
8757,0
8758,1
8759,1
8760,0
8761,1
8762,1
8763,0
8764,0
8765,0
8766,0
8767,0
8768,1
8769,1
8770,0
8771,1
8772,0
8773,0
8774,0
8775,1
8776,1
8777,1
8778,0
8779,1
8780,0
8781,1
8782,1
8783,1
8784,1
8785,1
8786,0
8787,0
8788,1
8789,1
8790,0
8791,0
8792,1
8793,0
8794,0
8795,0
8796,0
8797,0
8798,0
8799,0
8800,1
8801,1
8802,1
8803,1
8804,1
8805,0
8806,0
8807,0
8808,0
8809,1
8810,1
8811,1
8812,1
8813,1
8814,0
8815,1
8816,1
8817,1
8818,0
8819,1
8820,1
8821,1
8822,1
8823,0
8824,1
8825,1
8826,0
8827,0
8828,1
8829,1
8830,1
8831,0
8832,1
8833,1
8834,0
8835,0
8836,0
8837,1
8838,1
8839,1
8840,0
8841,1
8842,0
8843,1
8844,1
8845,1
8846,1
8847,0
8848,0
8849,0
8850,0
8851,0
8852,0
8853,0
8854,0
8855,1
8856,1
8857,1
8858,0
8859,0
8860,1
8861,1
8862,0
8863,1
8864,0
8865,0
8866,0
8867,0
8868,1
8869,1
8870,1
8871,0
8872,1
8873,0
8874,1
8875,1
8876,0
8877,0
8878,1
8879,0
8880,1
8881,1
8882,1
8883,0
8884,1
8885,1
8886,1
8887,1
8888,1
8889,1
8890,0
8891,1
8892,0
8893,1
8894,1
8895,1
8896,0
8897,1
8898,0
8899,1
8900,1
8901,0
8902,1
8903,0
8904,1
8905,1
8906,1
8907,1
8908,0
8909,0
8910,1
8911,0
8912,0
8913,0
8914,0
8915,0
8916,0
8917,0
8918,1
8919,0
8920,0
8921,0
8922,1
8923,0
8924,1
8925,0
8926,1
8927,0
8928,1
8929,1
8930,1
8931,0
8932,1
8933,1
8934,1
8935,0
8936,0
8937,1
8938,0
8939,1
8940,0
8941,1
8942,1
8943,0
8944,1
8945,0
8946,1
8947,0
8948,0
8949,1
8950,0
8951,0
8952,1
8953,1
8954,1
8955,0
8956,1
8957,0
8958,1
8959,1
8960,0
8961,1
8962,0
8963,1
8964,0
8965,1
8966,0
8967,1
8968,0
8969,1
8970,1
8971,1
8972,1
8973,1
8974,0
8975,1
8976,0
8977,1
8978,0
8979,1
8980,0
8981,1
8982,0
8983,1
8984,1
8985,0
8986,1
8987,1
8988,0
8989,0
8990,1
8991,0
8992,0
8993,0
8994,0
8995,1
8996,1
8997,1
8998,1
8999,0
9000,1
9001,0
9002,0
9003,1
9004,1
9005,1
9006,1
9007,0
9008,1
9009,0
9010,1
9011,0
9012,0
9013,1
9014,1
9015,1
9016,0
9017,1
9018,0
9019,1
9020,1
9021,1
9022,0
9023,1
9024,0
9025,1
9026,0
9027,0
9028,0
9029,1
9030,1
9031,0
9032,1
9033,0
9034,1
9035,0
9036,1
9037,0
9038,1
9039,1
9040,0
9041,0
9042,0
9043,0
9044,0
9045,1
9046,1
9047,1
9048,1
9049,1
9050,0
9051,0
9052,1
9053,1
9054,0
9055,0
9056,1
9057,0
9058,0
9059,1
9060,1
9061,0
9062,1
9063,0
9064,1
9065,1
9066,0
9067,0
9068,0
9069,1
9070,1
9071,1
9072,1
9073,1
9074,1
9075,1
9076,1
9077,0
9078,0
9079,1
9080,0
9081,1
9082,1
9083,0
9084,0
9085,0
9086,0
9087,0
9088,1
9089,1
9090,0
9091,0
9092,0
9093,0
9094,1
9095,1
9096,1
9097,0
9098,0
9099,0
9100,0
9101,1
9102,0
9103,0
9104,0
9105,0
9106,0
9107,1
9108,0
9109,0
9110,0
9111,0
9112,1
9113,1
9114,1
9115,0
9116,1
9117,1
9118,1
9119,1
9120,0
9121,0
9122,1
9123,1
9124,1
9125,1
9126,1
9127,0
9128,0
9129,0
9130,0
9131,1
9132,1
9133,1
9134,0
9135,1
9136,1
9137,0
9138,0
9139,1
9140,1
9141,1
9142,1
9143,1
9144,1
9145,1
9146,0
9147,0
9148,1
9149,0
9150,0
9151,0
9152,1
9153,1
9154,0
9155,0
9156,0
9157,1
9158,0
9159,0
9160,0
9161,1
9162,0
9163,1
9164,0
9165,1
9166,1
9167,1
9168,1
9169,0
9170,0
9171,1
9172,1
9173,1
9174,0
9175,0
9176,1
9177,1
9178,0
9179,1
9180,0
9181,1
9182,0
9183,0
9184,1
9185,0
9186,0
9187,1
9188,1
9189,0
9190,1
9191,0
9192,0
9193,0
9194,0
9195,0
9196,0
9197,1
9198,1
9199,0
9200,0
9201,1
9202,1
9203,0
9204,1
9205,1
9206,1
9207,0
9208,0
9209,1
9210,1
9211,0
9212,0
9213,0
9214,1
9215,1
9216,0
9217,1
9218,0
9219,1
9220,0
9221,1
9222,1
9223,1
9224,0
9225,0
9226,1
9227,1
9228,0
9229,1
9230,1
9231,0
9232,1
9233,0
9234,1
9235,1
9236,1
9237,0
9238,0
9239,1
9240,0
9241,1
9242,0
9243,0
9244,1
9245,1
9246,1
9247,1
9248,0
9249,0
9250,0
9251,1
9252,0
9253,0
9254,1
9255,0
9256,0
9257,1
9258,0
9259,0
9260,1
9261,1
9262,0
9263,1
9264,0
9265,1
9266,0
9267,1
9268,0
9269,0
9270,0
9271,0
9272,1
9273,1
9274,1
9275,1
9276,0
9277,1
9278,1
9279,1
9280,0
9281,1
9282,0
9283,1
9284,1
9285,1
9286,0
9287,1
9288,1
9289,1
9290,0
9291,0
9292,0
9293,1
9294,0
9295,1
9296,0
9297,1
9298,0
9299,1
9300,0
9301,1
9302,0
9303,0
9304,0
9305,0
9306,1
9307,0
9308,0
9309,0
9310,1
9311,1
9312,1
9313,0
9314,0
9315,0
9316,1
9317,0
9318,1
9319,1
9320,0
9321,1
9322,1
9323,1
9324,0
9325,0
9326,0
9327,1
9328,1
9329,0
9330,1
9331,1
9332,1
9333,1
9334,0
9335,1
9336,1
9337,0
9338,1
9339,0
9340,0
9341,0
9342,0
9343,0
9344,0
9345,0
9346,0
9347,1
9348,1
9349,0
9350,1
9351,0
9352,0
9353,0
9354,1
9355,1
9356,0
9357,1
9358,0
9359,1
9360,0
9361,1
9362,1
9363,1
9364,0
9365,0
9366,1
9367,0
9368,1
9369,1
9370,1
9371,1
9372,0
9373,0
9374,1
9375,1
9376,1
9377,1
9378,1
9379,0
9380,1
9381,1
9382,0
9383,1
9384,1
9385,0
9386,0
9387,1
9388,1
9389,0
9390,1
9391,1
9392,1
9393,1
9394,1
9395,1
9396,0
9397,0
9398,0
9399,0
9400,1
9401,0
9402,0
9403,1
9404,0
9405,0
9406,0
9407,0
9408,0
9409,0
9410,1
9411,0
9412,1
9413,1
9414,1
9415,0
9416,1
9417,0
9418,1
9419,1
9420,0
9421,0
9422,1
9423,1
9424,1
9425,1
9426,1
9427,1
9428,1
9429,0
9430,0
9431,0
9432,1
9433,0
9434,0
9435,1
9436,1
9437,1
9438,0
9439,0
9440,1
9441,0
9442,1
9443,0
9444,1
9445,1
9446,1
9447,1
9448,0
9449,0
9450,0
9451,1
9452,1
9453,0
9454,1
9455,1
9456,1
9457,0
9458,0
9459,0
9460,1
9461,0
9462,1
9463,1
9464,0
9465,1
9466,0
9467,1
9468,0
9469,0
9470,0
9471,1
9472,0
9473,0
9474,0
9475,0
9476,0
9477,1
9478,1
9479,1
9480,0
9481,1
9482,0
9483,0
9484,0
9485,0
9486,1
9487,1
9488,1
9489,1
9490,0
9491,1
9492,1
9493,1
9494,1
9495,0
9496,1
9497,0
9498,0
9499,1
9500,1
9501,0
9502,1
9503,0
9504,0
9505,0
9506,0
9507,1
9508,0
9509,0
9510,1
9511,1
9512,1
9513,0
9514,1
9515,1
9516,0
9517,1
9518,1
9519,0
9520,1
9521,0
9522,0
9523,0
9524,1
9525,0
9526,1
9527,0
9528,1
9529,1
9530,1
9531,0
9532,1
9533,1
9534,0
9535,1
9536,1
9537,0
9538,0
9539,1
9540,1
9541,1
9542,1
9543,0
9544,1
9545,0
9546,1
9547,0
9548,1
9549,1
9550,1
9551,1
9552,1
9553,1
9554,1
9555,1
9556,1
9557,1
9558,1
9559,1
9560,0
9561,0
9562,1
9563,1
9564,0
9565,1
9566,0
9567,0
9568,1
9569,0
9570,0
9571,1
9572,1
9573,1
9574,1
9575,1
9576,0
9577,1
9578,0
9579,0
9580,0
9581,1
9582,0
9583,1
9584,0
9585,0
9586,0
9587,1
9588,0
9589,1
9590,0
9591,0
9592,1
9593,0
9594,0
9595,1
9596,1
9597,1
9598,0
9599,1
9600,1
9601,1
9602,1
9603,0
9604,0
9605,1
9606,0
9607,1
9608,1
9609,0
9610,1
9611,1
9612,1
9613,0
9614,0
9615,0
9616,1
9617,0
9618,0
9619,0
9620,0
9621,1
9622,1
9623,0
9624,0
9625,0
9626,1
9627,1
9629,0
9630,0
9631,1
9632,1
9633,0
9634,0
9635,1
9636,0
9637,0
9638,0
9639,0
9640,0
9641,1
9642,1
9643,0
9644,0
9645,1
9646,0
9647,1
9648,0
9649,1
9650,1
9651,1
9652,0
9653,1
9654,1
9655,1
9656,1
9657,0
9658,0
9659,1
9660,0
9661,1
9662,1
9663,1
9664,1
9665,0
9666,0
9667,1
9668,0
9669,0
9670,1
9671,1
9672,1
9673,0
9674,0
9675,0
9676,0
9677,0
9678,0
9679,1
9680,1
9681,0
9682,0
9683,1
9684,1
9685,0
9686,1
9687,0
9688,0
9689,1
9690,1
9691,1
9692,0
9693,0
9694,1
9695,0
9696,1
9697,1
9698,1
9699,1
9700,1
9701,1
9702,1
9703,1
9704,0
9705,0
9706,1
9707,1
9708,1
9709,1
9710,0
9711,0
9712,1
9713,1
9714,1
9715,0
9716,1
9717,0
9718,1
9719,1
9720,1
9721,1
9722,0
9723,0
9724,0
9725,1
9726,1
9727,1
9728,1
9729,1
9730,0
9731,0
9732,1
9733,1
9734,0
9735,0
9736,0
9737,1
9738,1
9739,1
9740,1
9741,1
9742,1
9743,1
9744,0
9745,1
9746,1
9747,0
9748,1
9749,1
9750,0
9751,1
9752,0
9753,0
9754,1
9755,1
9756,1
9757,1
9758,1
9759,0
9760,0
9761,1
9762,1
9763,1
9764,1
9765,0
9766,0
9767,0
9768,0
9769,1
9770,0
9771,1
9772,0
9773,1
9774,0
9775,0
9776,1
9777,1
9778,1
9779,1
9780,1
9781,0
9782,1
9783,1
9784,0
9785,0
9786,1
9787,1
9788,1
9789,0
9790,1
9791,1
9792,0
9793,1
9794,1
9795,1
9796,1
9797,0
9798,1
9799,0
9800,1
9801,1
9802,0
9803,0
9804,1
9805,0
9806,1
9807,0
9808,1
9809,0
9810,1
9811,1
9812,0
9813,1
9814,1
9815,1
9816,0
9817,1
9818,1
9819,0
9820,1
9821,0
9822,0
9823,1
9824,0
9825,1
9826,0
9827,1
9828,1
9829,1
9830,1
9831,1
9832,1
9833,1
9834,1
9835,0
9836,0
9837,1
9838,1
9839,1
9840,0
9841,1
9842,0
9843,0
9844,0
9845,0
9846,1
9847,1
9848,1
9849,0
9850,1
9851,0
9852,0
9853,1
9854,0
9855,0
9856,0
9857,1
9858,1
9859,1
9860,1
9861,1
9862,0
9863,0
9864,1
9865,0
9866,1
9867,0
9868,0
9869,1
9870,1
9871,1
9872,0
9873,1
9874,0
9875,0
9876,1
9877,0
9878,1
9879,0
9880,1
9881,0
9882,0
9883,0
9884,0
9885,1
9886,1
9887,1
9888,0
9889,1
9890,0
9891,0
9892,1
9893,1
9894,1
9895,1
9896,0
9897,0
9898,1
9899,0
9900,1
9901,1
9902,0
9903,0
9904,1
9905,0
9906,0
9907,1
9908,1
9909,1
9910,0
9911,1
9912,0
9913,0
9914,1
9915,1
9916,0
9917,1
9918,1
9919,0
9920,0
9921,1
9922,1
9923,0
9924,1
9925,1
9926,1
9927,0
9928,1
9929,0
9930,1
9931,0
9932,1
9933,0
9934,0
9935,0
9936,1
9937,1
9938,1
9939,1
9940,0
9941,1
9942,1
9943,1
9944,1
9945,0
9946,1
9947,0
9948,1
9949,1
9950,0
9951,1
9952,0
9953,1
9954,0
9955,1
9956,0
9957,1
9958,0
9959,0
9960,0
9961,1
9962,1
9963,0
9964,0
9965,0
9966,0
9967,0
9968,0
9969,0
9970,0
9971,1
9972,1
9973,1
9974,0
9975,1
9976,1
9977,0
9978,0
9979,1
9980,0
9981,1
9982,1
9983,0
9984,1
9985,0
9986,1
9987,1
9988,1
9989,0
9990,0
9991,1
9992,1
9993,1
9994,0
9995,1
9996,1
9997,0
9998,1
9999,0
10000,1
10001,0
10002,1
10003,1
10004,1
10005,0
10006,0
10007,1
10008,1
10009,0
10010,1
10011,0
10012,1
10013,1
10014,0
10015,1
10016,1
10017,0
10018,0
10019,1
10020,1
10021,0
10022,0
10023,0
10024,0
10025,0
10026,0
10027,1
10028,1
10029,0
10030,1
10031,0
10032,0
10033,1
10034,1
10035,1
10036,1
10037,1
10038,0
10039,1
10040,1
10041,1
10042,0
10043,0
10044,0
10045,1
10046,1
10047,1
10048,0
10049,0
10050,1
10051,1
10052,0
10053,0
10054,0
10055,0
10056,0
10057,0
10058,0
10059,1
10060,0
10061,0
10062,1
10063,1
10064,1
10065,1
10066,1
10067,0
10068,0
10069,1
10070,0
10071,1
10072,1
10073,1
10074,1
10075,0
10076,1
10077,0
10078,0
10079,1
10080,1
10081,0
10082,1
10083,1
10084,0
10085,0
10086,1
10087,1
10088,1
10089,1
10090,0
10091,1
10092,0
10093,0
10094,1
10095,1
10096,1
10097,0
10098,1
10099,1
10100,0
10101,0
10102,0
10103,1
10104,1
10105,1
10106,0
10107,1
10108,0
10109,0
10110,1
10111,1
10112,0
10113,1
10114,0
10115,1
10116,0
10117,0
10118,0
10119,0
10120,1
10121,0
10122,1
10123,0
10124,1
10125,1
10126,0
10127,1
10128,0
10129,1
10130,1
10131,1
10132,1
10133,0
10134,0
10135,0
10136,0
10137,1
10138,0
10139,1
10140,0
10141,0
10142,0
10143,0
10144,0
10145,1
10146,0
10147,0
10148,1
10149,0
10150,0
10151,0
10152,1
10153,0
10154,1
10155,1
10156,1
10157,1
10158,0
10159,1
10160,0
10161,1
10162,1
10163,0
10164,0
10165,1
10166,1
10167,1
10168,1
10169,0
10170,1
10171,0
10172,0
10173,1
10174,1
10175,0
10176,0
10177,0
10178,1
10179,0
10180,1
10181,0
10182,0
10183,1
10184,0
10185,1
10186,0
10187,1
10188,0
10189,0
10190,1
10191,0
10192,1
10193,0
10194,1
10195,0
10196,1
10197,1
10198,1
10199,0
10200,0
10201,1
10202,1
10203,1
10204,1
10205,1
10206,1
10207,0
10208,0
10209,0
10210,1
10211,0
10212,0
10213,0
10214,1
10215,0
10216,0
10217,1
10218,0
10219,1
10220,0
10221,1
10222,1
10223,0
10224,0
10225,1
10226,0
10227,0
10228,1
10229,1
10230,1
10231,0
10232,1
10233,1
10234,1
10235,1
10236,1
10237,1
10238,1
10239,1
10240,1
10241,1
10242,0
10243,0
10244,0
10245,0
10246,1
10247,0
10248,1
10249,0
10250,1
10251,1
10252,1
10253,1
10254,1
10255,0
10256,1
10257,0
10258,1
10259,0
10260,1
10261,1
10262,1
10263,0
10264,0
10265,1
10266,0
10267,0
10268,1
10269,1
10270,1
10271,1
10272,0
10273,1
10274,1
10275,0
10276,1
10277,1
10278,1
10279,0
10280,0
10281,1
10282,1
10283,1
10284,0
10285,0
10286,0
10287,0
10288,1
10289,0
10290,0
10291,1
10292,1
10293,1
10294,1
10295,1
10296,0
10297,0
10298,1
10299,0
10300,0
10301,0
10302,1
10303,0
10304,1
10305,0
10306,1
10307,0
10308,0
10309,1
10310,1
10311,1
10312,1
10313,1
10314,1
10315,1
10316,0
10317,1
10318,1
10319,1
10320,0
10321,1
10322,0
10323,1
10324,0
10325,0
10326,0
10327,0
10328,1
10329,0
10330,1
10331,1
10332,0
10333,1
10334,1
10335,0
10336,1
10337,0
10338,1
10339,0
10340,0
10341,0
10342,1
10343,1
10344,0
10345,1
10346,0
10347,1
10348,1
10349,1
10350,1
10351,1
10352,1
10353,0
10354,0
10355,0
10356,0
10357,0
10358,0
10359,1
10360,0
10361,1
10362,1
10363,1
10364,0
10365,0
10366,0
10367,1
10368,0
10369,1
10370,1
10371,1
10372,0
10373,0
10374,0
10375,0
10376,1
10377,1
10378,1
10379,0
10380,1
10381,0
10382,0
10383,0
10384,1
10385,0
10386,1
10387,0
10388,1
10389,0
10390,1
10391,0
10392,1
10393,1
10394,0
10395,0
10396,1
10397,0
10398,1
10399,1
10400,1
10401,0
10402,0
10403,1
10404,1
10405,1
10406,1
10407,1
10408,0
10409,1
10410,1
10411,0
10412,1
10413,0
10414,1
10415,1
10416,0
10417,1
10418,0
10419,1
10420,1
10421,0
10422,0
10423,1
10424,1
10425,0
10426,1
10427,1
10428,1
10429,1
10430,1
10431,1
10432,1
10433,1
10434,0
10435,0
10436,1
10437,1
10438,1
10439,1
10440,1
10441,1
10442,1
10443,0
10444,0
10445,1
10446,1
10447,1
10448,1
10449,0
10450,1
10451,0
10452,1
10453,0
10454,1
10455,1
10456,1
10457,1
10458,0
10459,0
10460,0
10461,0
10462,1
10463,0
10464,0
10465,1
10466,0
10467,0
10468,1
10469,1
10470,0
10471,1
10472,1
10473,0
10474,1
10475,0
10476,1
10477,0
10478,1
10479,1
10480,1
10481,1
10482,1
10483,1
10484,0
10485,0
10486,1
10487,1
10488,1
10489,1
10490,1
10491,1
10492,1
10493,0
10494,1
10495,1
10496,1
10497,1
10498,1
10499,1
10500,1
10501,1
10502,1
10503,0
10504,1
10505,1
10506,0
10507,1
10508,0
10509,0
10510,0
10511,1
10512,1
10513,0
10514,0
10515,1
10516,1
10517,0
10518,0
10519,1
10520,1
10521,0
10522,0
10523,0
10524,0
10525,0
10526,1
10527,1
10528,1
10529,1
10530,0
10531,1
10532,1
10533,1
10534,1
10535,1
10536,0
10537,0
10538,1
10539,1
10540,0
10541,1
10542,1
10543,1
10544,1
10545,0
10546,1
10547,0
10548,0
10549,0
10550,0
10551,1
10552,1
10553,0
10554,0
10555,1
10556,0
10557,1
10558,1
10559,1
10560,1
10561,1
10562,1
10563,0
10564,0
10565,0
10566,0
10567,1
10568,1
10569,1
10570,0
10571,0
10572,1
10573,1
10574,0
10575,0
10576,0
10577,0
10578,0
10579,0
10580,0
10581,0
10582,0
10583,0
10584,0
10585,1
10586,0
10587,1
10588,1
10589,1
10590,1
10591,0
10592,0
10593,1
10594,0
10595,1
10596,1
10597,1
10598,1
10599,0
10600,0
10601,0
10602,0
10603,1
10604,0
10605,1
10606,1
10607,1
10608,0
10609,1
10610,0
10611,1
10612,0
10613,1
10614,0
10615,0
10616,0
10617,0
10618,1
10619,0
10620,1
10621,1
10622,1
10623,0
10624,0
10625,0
10626,0
10627,0
10628,0
10629,1
10630,1
10631,1
10632,0
10633,1
10634,1
10635,0
10636,0
10637,0
10638,0
10639,0
10640,0
10641,1
10642,0
10643,1
10644,1
10645,0
10646,1
10647,0
10648,1
10649,1
10650,0
10651,0
10652,1
10653,1
10654,1
10655,1
10656,1
10657,1
10658,0
10659,1
10660,0
10661,1
10662,1
10663,0
10664,0
10665,0
10666,0
10667,1
10668,1
10669,1
10670,0
10671,1
10672,1
10673,1
10674,0
10675,1
10676,0
10677,1
10678,0
10679,1
10680,0
10681,1
10682,1
10683,1
10684,0
10685,1
10686,1
10687,1
10688,0
10689,1
10690,0
10691,1
10692,1
10693,1
10694,1
10695,0
10696,0
10697,1
10698,0
10699,1
10700,1
10701,1
10702,0
10703,0
10704,0
10705,1
10706,1
10707,1
10708,1
10709,1
10710,0
10711,0
10712,1
10713,1
10714,1
10715,0
10716,0
10717,0
10718,0
10719,0
10720,0
10721,1
10722,1
10723,0
10724,1
10725,0
10726,0
10727,1
10728,0
10729,0
10730,0
10731,1
10732,1
10733,1
10734,1
10735,0
10736,1
10737,1
10738,1
10739,0
10740,1
10741,0
10742,0
10743,0
10744,1
10745,0
10746,1
10747,1
10748,1
10749,1
10750,1
10751,1
10752,0
10753,1
10754,0
10755,0
10756,0
10757,1
10758,0
10759,1
10760,1
10761,1
10762,1
10763,0
10764,0
10765,0
10766,0
10767,0
10768,0
10769,0
10770,1
10771,1
10772,0
10773,0
10774,0
10775,0
10776,1
10777,1
10778,0
10779,1
10780,1
10781,1
10782,1
10783,0
10784,1
10785,0
10786,0
10787,0
10788,0
10789,0
10790,0
10791,1
10792,0
10793,1
10794,1
10795,0
10796,0
10797,1
10798,1
10799,0
10800,1
10801,0
10802,0
10803,0
10804,1
10805,0
10806,1
10807,0
10808,1
10809,0
10810,1
10812,0
10813,0
10814,1
10815,0
10816,1
10817,0
10818,0
10819,1
10820,1
10821,1
10822,1
10823,1
10824,0
10825,1
10826,0
10827,1
10828,0
10829,0
10830,1
10831,0
10832,0
10833,1
10834,1
10835,1
10836,0
10837,1
10838,1
10839,1
10840,0
10841,0
10842,0
10843,1
10844,1
10845,0
10846,1
10847,1
10848,0
10849,1
10850,1
10851,0
10852,0
10853,1
10854,1
10855,1
10856,1
10857,0
10858,1
10859,1
10860,0
10861,1
10862,0
10863,0
10864,1
10865,1
10866,0
10867,0
10868,1
10869,0
10870,0
10871,0
10872,1
10873,0
10874,1
10875,0
10876,1
10877,1
10878,0
10879,1
10880,1
10881,1
10882,1
10883,0
10884,0
10885,1
10886,1
10887,0
10888,1
10889,0
10890,0
10891,0
10892,0
10893,0
10894,0
10895,0
10896,0
10897,0
10898,1
10899,1
10900,0
10901,1
10902,0
10903,0
10904,0
10905,1
10906,1
10907,0
10908,1
10909,1
10910,1
10911,0
10912,0
10913,1
10914,0
10915,1
10916,0
10917,1
10918,1
10919,0
10920,1
10921,0
10922,1
10923,0
10924,0
10925,1
10926,1
10927,1
10928,1
10929,1
10930,1
10931,0
10932,0
10933,0
10934,1
10935,0
10936,0
10937,1
10938,1
10939,1
10940,0
10941,0
10942,0
10943,0
10944,1
10945,0
10946,1
10947,1
10948,1
10949,0
10950,0
10951,1
10952,1
10953,1
10954,0
10955,0
10956,1
10957,0
10958,1
10959,1
10960,1
10961,1
10962,1
10963,1
10964,0
10965,1
10966,0
10967,1
10968,1
10969,0
10970,0
10971,1
10972,1
10973,0
10974,1
10975,1
10976,1
10977,0
10978,1
10979,1
10980,1
10981,1
10982,1
10983,1
10984,0
10985,0
10986,1
10987,1
10988,1
10989,1
10990,1
10991,0
10992,1
10993,0
10994,1
10995,0
10996,1
10997,1
10998,1
10999,0
11000,1
11001,1
11002,1
11003,1
11004,1
11005,0
11006,1
11007,0
11008,0
11009,1
11010,1
11011,0
11012,1
11013,1
11014,0
11015,0
11016,0
11017,1
11018,1
11019,1
11020,1
11021,1
11022,1
11023,0
11024,0
11025,1
11026,1
11027,0
11028,1
11029,0
11030,1
11031,1
11032,1
11033,1
11034,0
11035,0
11036,1
11037,1
11038,1
11039,1
11040,1
11041,0
11042,1
11043,1
11044,0
11045,0
11046,1
11047,1
11048,0
11049,1
11050,0
11051,1
11052,1
11053,0
11054,0
11055,0
11056,0
11057,0
11058,1
11059,0
11060,0
11061,1
11062,0
11063,1
11064,0
11065,1
11066,0
11067,0
11068,0
11069,1
11070,1
11071,1
11072,1
11073,0
11074,1
11075,0
11076,1
11077,0
11078,1
11079,0
11080,0
11081,0
11082,0
11083,1
11084,1
11085,1
11086,1
11087,0
11088,0
11089,1
11090,0
11091,0
11092,1
11093,0
11094,1
11095,1
11096,1
11097,0
11098,0
11099,0
11100,1
11101,0
11102,1
11103,1
11104,0
11105,1
11106,0
11107,1
11108,0
11109,1
11110,1
11111,0
11112,0
11113,0
11114,1
11115,0
11116,0
11117,1
11118,1
11119,0
11120,1
11121,1
11122,1
11123,1
11124,0
11125,1
11126,1
11127,0
11128,1
11129,0
11130,1
11131,0
11132,0
11133,0
11134,0
11135,1
11136,1
11137,1
11138,1
11139,0
11140,0
11141,1
11142,0
11143,1
11144,0
11145,0
11146,1
11147,1
11148,1
11149,0
11150,1
11151,1
11152,0
11153,1
11154,1
11155,0
11156,0
11157,1
11158,1
11159,0
11160,0
11161,1
11162,0
11163,1
11164,1
11165,0
11166,0
11167,0
11168,0
11169,1
11170,0
11171,0
11172,0
11173,1
11174,1
11175,1
11176,1
11177,1
11178,1
11179,1
11180,1
11181,0
11182,1
11183,1
11184,0
11185,0
11186,1
11187,1
11188,0
11189,0
11190,0
11191,0
11192,0
11193,1
11194,0
11195,0
11196,0
11197,0
11198,0
11199,0
11200,1
11201,1
11202,0
11203,1
11204,1
11205,1
11206,1
11207,1
11208,0
11209,0
11210,0
11211,0
11212,0
11213,1
11214,1
11215,1
11216,1
11217,0
11218,0
11219,1
11220,0
11221,0
11222,1
11223,1
11224,0
11225,1
11226,1
11227,1
11228,1
11229,0
11230,1
11231,1
11232,1
11233,0
11234,1
11235,0
11236,1
11237,0
11238,1
11239,1
11240,1
11241,1
11242,1
11243,1
11244,1
11245,1
11246,1
11247,1
11248,1
11249,1
11250,1
11251,1
11252,0
11253,1
11254,1
11255,1
11256,1
11257,1
11258,0
11259,1
11260,1
11261,0
11262,0
11263,0
11264,0
11265,1
11266,0
11267,0
11268,0
11269,0
11270,1
11271,0
11272,0
11273,1
11274,1
11275,1
11276,1
11277,0
11278,0
11279,0
11280,0
11281,1
11282,0
11283,1
11284,1
11285,1
11286,0
11287,0
11288,0
11289,0
11290,0
11291,0
11292,0
11293,1
11294,0
11295,0
11296,0
11297,1
11298,1
11299,0
11300,0
11301,1
11302,0
11304,0
11305,0
11306,1
11307,1
11308,0
11309,1
11310,1
11311,0
11312,0
11313,1
11314,0
11315,0
11316,0
11317,0
11318,0
11319,1
11320,0
11321,1
11322,1
11323,1
11324,0
11325,0
11326,0
11327,0
11328,1
11329,1
11330,1
11331,1
11332,1
11333,1
11334,0
11335,1
11336,0
11337,0
11338,0
11339,0
11340,1
11341,0
11342,1
11343,1
11344,0
11345,0
11346,1
11347,1
11348,0
11349,0
11350,1
11351,1
11352,0
11353,0
11354,0
11355,1
11356,0
11357,1
11358,1
11359,1
11360,1
11361,0
11362,0
11363,0
11364,1
11365,1
11366,0
11367,1
11368,0
11369,0
11370,1
11371,0
11372,1
11373,0
11374,1
11375,1
11376,0
11377,0
11378,1
11379,0
11380,0
11381,1
11382,0
11383,1
11384,1
11385,0
11386,1
11387,1
11388,0
11389,1
11390,1
11391,1
11392,0
11393,0
11394,0
11395,1
11396,1
11397,0
11398,0
11399,0
11400,0
11401,1
11402,1
11403,0
11404,0
11405,0
11406,0
11407,0
11408,0
11409,1
11410,1
11411,0
11412,0
11413,0
11414,0
11415,1
11416,0
11417,1
11418,1
11419,0
11420,1
11421,0
11422,1
11423,1
11424,0
11425,1
11426,1
11427,0
11428,1
11429,1
11430,0
11431,1
11432,0
11433,1
11434,1
11435,1
11436,0
11437,1
11438,0
11439,1
11440,1
11441,0
11442,1
11443,1
11444,0
11445,0
11446,0
11447,1
11448,1
11449,0
11450,1
11451,1
11452,1
11453,1
11454,1
11455,0
11456,1
11457,0
11458,1
11459,0
11460,0
11461,1
11462,0
11463,1
11464,0
11465,0
11466,1
11467,0
11468,0
11469,1
11470,0
11471,0
11472,1
11473,1
11474,1
11475,1
11476,1
11477,1
11478,1
11479,0
11480,0
11481,0
11482,0
11483,1
11484,0
11485,1
11486,0
11487,0
11488,1
11489,1
11490,1
11491,0
11492,0
11493,1
11494,0
11495,1
11496,1
11497,1
11498,0
11499,0
11500,0
11501,0
11502,1
11503,1
11504,0
11505,0
11506,0
11507,1
11508,1
11509,0
11510,0
11511,1
11512,1
11513,0
11514,1
11515,1
11516,0
11517,0
11518,1
11519,1
11520,0
11521,1
11522,1
11523,1
11524,0
11525,0
11526,0
11527,0
11528,0
11529,0
11530,0
11531,0
11532,0
11533,0
11534,1
11535,0
11536,1
11537,0
11538,0
11539,0
11540,1
11541,0
11542,1
11543,1
11544,0
11545,1
11546,0
11547,1
11548,1
11549,0
11550,1
11551,0
11552,0
11553,1
11554,1
11555,1
11556,1
11557,1
11558,1
11559,1
11560,0
11561,0
11562,0
11563,1
11564,0
11565,1
11566,1
11567,0
11568,0
11569,0
11570,0
11571,0
11572,0
11573,0
11574,1
11575,0
11576,0
11577,0
11578,0
11579,0
11580,1
11581,0
11582,1
11583,0
11584,0
11585,1
11586,0
11587,0
11588,1
11589,0
11590,1
11591,0
11592,0
11593,1
11594,0
11595,1
11596,1
11597,1
11598,0
11599,0
11600,1
11601,0
11602,0
11603,0
11604,0
11605,0
11606,0
11607,0
11608,1
11609,0
11610,1
11611,0
11612,0
11613,1
11614,0
11615,1
11616,0
11617,0
11618,1
11619,1
11620,1
11621,1
11622,0
11623,0
11624,1
11625,1
11626,0
11627,1
11628,1
11629,1
11630,1
11631,1
11632,1
11633,1
11634,0
11635,0
11636,1
11637,1
11638,1
11639,0
11640,1
11641,1
11642,0
11643,1
11644,1
11645,0
11646,0
11647,0
11648,0
11649,0
11650,1
11651,1
11652,0
11653,1
11654,0
11655,0
11656,0
11657,1
11658,1
11659,0
11660,1
11661,0
11662,0
11663,0
11664,1
11665,0
11666,0
11667,0
11668,0
11669,1
11670,1
11671,0
11672,1
11673,1
11674,1
11675,1
11676,1
11677,0
11678,0
11679,0
11680,0
11681,0
11682,0
11683,1
11684,1
11685,1
11686,1
11687,0
11688,0
11689,1
11690,1
11691,1
11692,0
11693,1
11694,0
11695,1
11696,1
11697,1
11698,1
11699,1
11700,1
11701,1
11702,1
11703,1
11704,0
11705,1
11706,0
11707,0
11708,1
11709,0
11710,1
11711,1
11712,0
11713,0
11714,0
11715,0
11716,1
11717,0
11718,1
11719,1
11720,1
11721,1
11722,0
11723,1
11724,0
11725,1
11726,0
11727,1
11728,1
11729,1
11730,1
11731,0
11732,1
11733,1
11734,1
11735,0
11736,0
11737,1
11738,0
11739,0
11740,0
11741,0
11742,0
11743,1
11744,1
11745,1
11746,1
11747,0
11748,1
11749,1
11750,0
11751,1
11752,0
11753,1
11754,0
11755,0
11756,0
11757,1
11758,1
11759,0
11760,0
11761,1
11762,0
11763,1
11764,0
11765,0
11766,0
11767,1
11768,0
11769,1
11770,0
11771,0
11772,0
11773,1
11774,1
11775,1
11776,0
11777,0
11778,0
11779,0
11780,1
11781,1
11782,1
11783,0
11784,0
11785,1
11786,1
11787,0
11788,1
11789,1
11790,1
11791,0
11792,0
11793,0
11794,1
11795,1
11796,1
11797,0
11798,0
11799,1
11800,0
11801,0
11802,0
11803,1
11804,1
11805,1
11806,1
11807,1
11808,1
11809,1
11810,1
11811,1
11812,0
11813,1
11814,1
11815,1
11816,0
11817,0
11818,0
11819,1
11820,1
11821,1
11822,0
11823,0
11824,1
11825,1
11826,1
11827,0
11828,0
11829,1
11830,0
11831,0
11832,1
11833,1
11834,0
11835,0
11836,1
11837,1
11838,0
11839,0
11840,1
11841,0
11842,0
11843,1
11844,0
11845,0
11846,0
11847,0
11848,1
11849,0
11850,1
11851,1
11852,0
11853,1
11854,0
11855,1
11856,1
11857,1
11858,0
11859,1
11860,1
11861,1
11862,0
11863,0
11864,1
11865,0
11866,1
11867,0
11868,0
11869,1
11870,1
11871,0
11872,1
11873,0
11874,1
11875,0
11876,1
11877,0
11878,1
11879,0
11880,0
11881,1
11882,1
11883,1
11884,0
11885,0
11886,1
11887,1
11888,1
11889,0
11890,1
11891,1
11892,1
11893,1
11894,1
11895,0
11896,0
11897,0
11898,1
11899,0
11900,0
11901,1
11902,1
11903,1
11904,0
11905,1
11906,0
11907,0
11908,1
11909,1
11910,1
11911,1
11912,1
11913,0
11914,1
11915,0
11916,0
11917,0
11918,0
11919,1
11920,0
11921,1
11922,1
11923,0
11924,1
11925,1
11926,1
11927,0
11928,0
11929,1
11930,1
11931,1
11932,1
11933,1
11934,0
11935,0
11936,0
11937,0
11938,0
11939,1
11940,0
11941,0
11942,0
11943,0
11944,1
11945,1
11946,1
11947,1
11948,0
11949,0
11950,1
11951,0
11952,1
11953,0
11954,1
11955,0
11956,0
11957,0
11958,1
11959,1
11960,0
11961,1
11962,1
11963,1
11964,0
11965,0
11966,1
11967,0
11968,1
11969,1
11970,1
11971,1
11972,0
11973,1
11974,1
11975,1
11976,1
11977,0
11978,1
11979,0
11980,0
11981,0
11982,0
11983,0
11984,0
11985,1
11986,0
11987,0
11988,0
11989,1
11990,1
11991,1
11992,1
11993,1
11994,0
11995,0
11996,1
11997,1
11998,1
11999,1
12000,0
12001,1
12002,0
12003,1
12004,1
12005,0
12006,0
12007,1
12008,1
12009,0
12010,1
12011,1
12012,1
12013,1
12014,1
12015,1
12016,1
12017,1
12018,0
12019,1
12020,1
12021,1
12022,0
12023,1
12024,1
12025,1
12026,1
12027,1
12028,0
12029,0
12030,1
12031,0
12032,1
12033,1
12034,0
12035,0
12036,1
12037,1
12038,0
12039,1
12040,0
12041,0
12042,1
12043,1
12044,1
12045,0
12046,0
12047,1
12048,0
12049,1
12050,1
12051,0
12052,0
12053,1
12054,0
12055,0
12056,0
12057,0
12058,1
12059,0
12060,1
12061,0
12062,0
12063,0
12064,1
12065,0
12066,0
12067,1
12068,1
12069,1
12070,1
12071,0
12072,1
12073,1
12074,0
12075,0
12076,1
12077,0
12078,0
12079,1
12080,1
12081,0
12082,0
12083,0
12084,0
12085,1
12086,0
12087,1
12088,0
12089,0
12090,1
12091,0
12092,0
12093,0
12094,1
12095,1
12096,1
12097,0
12098,0
12099,0
12100,0
12101,1
12102,1
12103,1
12104,0
12105,0
12106,0
12107,1
12108,0
12109,1
12110,0
12111,1
12112,0
12113,1
12114,0
12115,0
12116,1
12117,1
12118,1
12119,1
12120,1
12121,0
12122,1
12123,0
12124,1
12125,0
12126,1
12127,0
12128,1
12129,1
12130,1
12131,0
12132,0
12133,1
12134,1
12135,1
12136,1
12137,0
12138,0
12139,0
12140,0
12141,1
12142,1
12143,0
12144,0
12145,0
12146,0
12147,0
12148,0
12149,1
12150,1
12151,0
12152,0
12153,0
12154,0
12155,0
12156,1
12157,1
12158,1
12159,0
12160,0
12161,1
12162,1
12163,1
12164,0
12165,0
12166,0
12167,0
12168,0
12169,1
12170,1
12171,1
12172,1
12173,1
12174,0
12175,1
12176,1
12177,1
12178,0
12179,0
12180,1
12181,0
12182,0
12183,1
12184,0
12185,0
12186,1
12187,1
12188,0
12189,0
12190,1
12191,1
12192,1
12193,0
12194,1
12195,1
12196,0
12197,1
12198,0
12199,1
12200,0
12201,1
12202,0
12203,1
12204,1
12205,0
12206,0
12207,1
12208,1
12209,1
12210,1
12211,1
12212,0
12213,0
12214,1
12215,0
12216,0
12217,1
12218,0
12219,0
12220,0
12221,0
12222,1
12223,1
12224,1
12225,0
12226,1
12227,0
12228,1
12229,0
12230,1
12231,0
12232,0
12233,1
12234,1
12235,1
12236,0
12237,1
12238,1
12239,0
12240,1
12241,1
12242,0
12243,0
12244,1
12245,0
12246,1
12247,0
12248,0
12249,0
12250,1
12251,0
12252,0
12253,0
12254,1
12255,1
12256,1
12257,1
12258,0
12259,0
12260,1
12261,1
12262,0
12263,1
12264,0
12265,1
12266,1
12267,1
12268,0
12269,1
12270,0
12271,0
12272,0
12273,1
12274,1
12275,1
12276,0
12277,1
12278,1
12279,0
12280,0
12281,0
12282,1
12283,1
12284,0
12285,0
12286,0
12287,0
12288,1
12289,0
12290,0
12291,0
12292,0
12293,0
12294,1
12295,0
12296,1
12297,0
12298,0
12299,1
12300,1
12301,1
12302,0
12303,0
12304,0
12305,1
12306,1
12307,0
12308,0
12309,0
12310,1
12311,0
12312,1
12313,0
12314,1
12315,1
12316,1
12317,1
12318,0
12319,0
12320,0
12321,1
12322,1
12323,1
12324,1
12325,0
12326,0
12327,1
12328,1
12329,1
12330,1
12331,0
12332,1
12333,1
12334,1
12335,0
12336,0
12337,1
12338,1
12339,1
12340,0
12341,1
12342,0
12343,0
12344,0
12345,0
12346,0
12347,1
12348,1
12349,1
12350,1
12351,0
12352,1
12353,1
12354,1
12355,1
12356,0
12357,0
12358,1
12359,0
12360,1
12361,0
12362,1
12363,1
12364,1
12365,1
12366,1
12367,1
12368,1
12369,0
12370,1
12371,0
12372,0
12373,0
12374,0
12375,0
12376,1
12377,1
12378,1
12379,1
12380,1
12381,1
12382,1
12383,1
12384,1
12385,0
12386,1
12387,1
12388,0
12389,0
12390,0
12391,0
12392,1
12393,1
12394,0
12395,0
12396,0
12397,0
12398,1
12399,0
12400,1
12401,1
12402,1
12403,1
12404,0
12405,1
12406,1
12407,0
12408,1
12409,0
12410,0
12411,1
12412,1
12413,1
12414,0
12415,1
12416,1
12417,0
12418,1
12419,0
12420,1
12421,1
12422,1
12423,1
12424,0
12425,0
12426,0
12427,1
12428,1
12429,0
12430,1
12431,0
12432,1
12433,0
12434,0
12435,1
12436,1
12437,0
12438,0
12439,0
12440,0
12441,0
12442,0
12443,0
12444,0
12445,0
12446,0
12447,0
12448,1
12449,0
12450,0
12451,0
12452,1
12454,0
12455,0
12456,0
12457,1
12458,0
12459,1
12460,0
12461,0
12462,1
12463,1
12464,0
12465,0
12466,0
12467,1
12468,1
12469,0
12470,0
12471,1
12472,0
12473,1
12474,1
12475,1
12476,1
12477,0
12478,1
12479,1
12480,0
12481,1
12482,0
12483,1
12484,1
12485,0
12486,1
12487,1
12488,1
12489,1
12490,1
12491,0
12492,1
12493,0
12494,0
12495,0
12496,1
12497,0
12498,1
12499,1
12500,1
12501,0
12502,1
12503,0
12504,1
12505,0
12506,0
12507,1
12508,1
12509,1
12510,0
12511,0
12512,1
12513,0
12514,0
12515,0
12516,0
12517,1
12518,0
12519,1
12520,0
12521,1
12522,1
12523,1
12524,0
12525,0
12526,0
12527,1
12528,1
12529,1
12530,1
12531,0
12532,1
12533,0
12534,1
12535,0
12536,0
12537,1
12538,1
12539,1
12540,0
12541,0
12542,0
12543,0
12544,0
12545,1
12546,1
12547,1
12548,1
12549,1
12550,1
12551,0
12552,0
12553,1
12554,1
12555,0
12556,0
12557,1
12558,0
12559,0
12560,0
12561,0
12562,1
12563,1
12564,0
12565,0
12566,0
12567,0
12568,0
12569,1
12570,1
12571,1
12572,1
12573,1
12574,1
12575,0
12576,1
12577,1
12578,1
12579,0
12580,1
12581,0
12582,0
12583,0
12584,1
12585,0
12586,0
12587,1
12588,1
12589,1
12590,1
12591,0
12592,0
12593,1
12594,0
12595,1
12596,0
12597,0
12598,0
12599,0
12600,1
12601,0
12602,1
12603,0
12604,0
12605,1
12606,0
12607,1
12608,1
12609,0
12610,1
12611,1
12612,1
12613,1
12614,1
12615,1
12616,1
12617,0
12618,1
12619,1
12620,1
12621,0
12622,0
12623,1
12624,0
12625,1
12626,1
12627,1
12628,0
12629,1
12630,0
12631,1
12632,1
12633,0
12634,0
12635,1
12636,0
12637,1
12638,1
12639,0
12640,1
12641,0
12642,1
12643,1
12644,1
12645,0
12646,1
12647,1
12648,0
12649,1
12650,1
12651,1
12652,0
12653,0
12654,1
12655,0
12656,0
12657,0
12658,0
12659,1
12660,0
12661,0
12662,1
12663,1
12664,0
12665,1
12666,1
12667,0
12668,0
12669,0
12670,1
12671,0
12672,0
12673,1
12674,0
12675,0
12676,1
12677,0
12678,1
12679,1
12680,0
12681,0
12682,0
12683,0
12684,0
12685,0
12686,0
12687,1
12688,0
12689,0
12690,1
12691,1
12692,0
12693,0
12694,1
12695,0
12696,1
12697,1
12698,0
12699,0
12700,0
12701,1
12702,1
12703,1
12704,1
12705,0
12706,0
12707,0
12708,0
12709,0
12710,1
12711,0
12712,0
12713,1
12714,1
12715,0
12716,1
12717,1
12718,1
12719,0
12720,1
12721,1
12722,0
12723,0
12724,0
12725,1
12726,1
12727,1
12728,0
12729,0
12730,0
12731,0
12732,1
12733,1
12734,0
12735,0
12736,1
12737,0
12738,0
12739,0
12740,0
12741,0
12742,0
12743,0
12744,0
12745,0
12746,0
12747,0
12748,0
12749,1
12750,0
12751,1
12752,1
12753,1
12754,0
12755,0
12756,1
12757,0
12758,1
12759,1
12760,1
12761,1
12762,1
12763,1
12764,1
12765,1
12766,0
12767,0
12768,1
12769,1
12770,0
12771,1
12772,1
12773,1
12774,1
12775,1
12776,0
12777,1
12778,1
12779,0
12780,1
12781,0
12782,0
12783,0
12784,1
12785,0
12786,1
12787,1
12788,0
12789,1
12790,1
12791,0
12792,0
12793,0
12794,0
12795,1
12796,1
12797,0
12798,1
12799,0
12800,1
12801,1
12802,1
12803,0
12804,1
12805,1
12806,0
12807,1
12808,0
12809,1
12810,0
12811,1
12812,1
12813,0
12814,1
12815,0
12816,1
12817,0
12818,1
12819,1
12820,1
12821,1
12822,1
12823,0
12824,0
12825,1
12826,1
12827,1
12828,0
12829,0
12830,1
12831,1
12832,0
12833,0
12834,1
12835,1
12836,0
12837,0
12838,1
12839,1
12840,1
12841,1
12842,0
12843,1
12844,1
12845,1
12846,1
12847,1
12848,0
12849,0
12850,0
12851,1
12852,0
12853,1
12855,0
12856,0
12857,0
12859,0
12860,1
12861,0
12862,1
12863,1
12864,0
12865,0
12866,0
12867,1
12868,1
12869,0
12870,1
12871,1
12872,0
12873,0
12874,1
12875,0
12876,1
12877,0
12878,1
12879,0
12880,1
12881,0
12882,0
12883,0
12884,1
12885,1
12886,1
12887,1
12888,0
12889,1
12890,0
12891,1
12892,1
12893,1
12894,0
12895,0
12896,1
12897,1
12898,1
12899,0
12900,0
12901,1
12902,0
12903,0
12904,1
12905,1
12906,1
12907,0
12908,0
12909,0
12910,0
12911,0
12912,1
12913,0
12914,0
12915,0
12916,1
12917,1
12918,1
12919,1
12920,0
12921,0
12922,1
12923,1
12924,0
12925,0
12926,0
12927,1
12928,0
12929,1
12930,1
12931,1
12932,1
12933,1
12934,1
12935,0
12936,1
12937,1
12938,0
12939,1
12940,0
12941,0
12942,0
12943,0
12944,0
12945,1
12946,1
12947,1
12948,1
12949,1
12950,1
12951,1
12952,1
12953,1
12954,0
12955,0
12956,1
12957,0
12958,0
12959,0
12960,1
12961,0
12962,1
12963,0
12964,1
12965,1
12966,1
12967,0
12968,1
12969,0
12970,1
12971,0
12972,1
12973,0
12974,0
12975,0
12976,1
12977,0
12978,1
12979,1
12980,1
12981,0
12982,0
12983,1
12984,0
12985,0
12986,1
12987,0
12988,1
12989,0
12990,1
12991,1
12992,0
12993,1
12994,0
12995,0
12996,0
12997,0
12998,1
12999,1
13000,1
13001,0
13002,1
13003,1
13004,0
13005,0
13006,1
13007,1
13008,0
13009,1
13010,0
13011,0
13012,0
13013,1
13014,1
13015,0
13016,1
13017,0
13018,0
13019,1
13020,0
13021,0
13022,1
13023,1
13024,0
13025,0
13026,1
13027,0
13028,0
13029,0
13030,0
13031,1
13032,1
13033,0
13034,1
13035,1
13036,0
13037,1
13038,1
13039,1
13040,1
13041,0
13042,0
13043,1
13044,0
13045,1
13046,0
13047,1
13048,1
13049,0
13050,0
13051,1
13052,1
13053,1
13054,1
13055,1
13056,0
13057,0
13058,1
13059,1
13060,1
13061,0
13062,1
13063,1
13064,0
13065,1
13066,0
13067,1
13068,0
13069,1
13070,0
13071,1
13072,0
13073,0
13074,1
13075,0
13076,0
13077,0
13078,1
13079,1
13080,1
13081,1
13082,0
13083,1
13084,0
13085,1
13086,0
13087,1
13088,0
13089,1
13090,1
13091,1
13092,0
13093,0
13094,0
13095,1
13096,0
13097,1
13098,0
13099,1
13100,0
13101,1
13102,1
13103,1
13104,1
13105,0
13106,0
13107,0
13108,1
13109,1
13110,0
13111,0
13112,1
13113,1
13114,0
13115,0
13116,0
13117,0
13118,1
13119,1
13120,1
13121,0
13122,0
13123,0
13124,1
13125,0
13126,0
13127,0
13128,0
13129,1
13130,0
13131,0
13132,0
13133,0
13134,0
13135,0
13136,1
13137,0
13138,1
13139,1
13140,1
13141,1
13142,0
13143,1
13144,1
13145,0
13146,0
13147,1
13148,0
13149,1
13150,1
13151,0
13152,1
13153,0
13154,0
13155,1
13156,1
13157,0
13158,1
13159,0
13160,0
13161,1
13162,1
13163,0
13164,1
13165,1
13166,1
13167,1
13168,1
13169,0
13170,0
13171,1
13172,0
13173,0
13174,1
13175,0
13176,0
13177,0
13178,0
13179,1
13180,0
13181,1
13182,0
13183,1
13184,1
13185,1
13186,1
13187,0
13188,0
13189,0
13190,0
13191,0
13192,1
13193,0
13194,0
13195,1
13196,1
13197,0
13198,1
13199,0
13200,0
13201,0
13202,0
13203,0
13204,0
13205,1
13206,1
13207,0
13208,1
13209,1
13210,1
13211,1
13212,1
13213,0
13214,0
13215,0
13216,1
13217,1
13218,1
13219,1
13220,1
13221,1
13222,1
13223,1
13224,0
13225,1
13226,1
13227,1
13228,0
13229,0
13230,0
13231,0
13232,1
13233,1
13234,1
13235,1
13236,1
13237,0
13238,0
13239,1
13240,1
13241,0
13242,0
13243,1
13244,0
13245,1
13246,0
13247,0
13248,1
13249,0
13250,1
13251,0
13252,0
13253,0
13254,0
13255,0
13256,1
13257,0
13258,1
13259,1
13260,1
13261,1
13262,0
13263,0
13264,0
13265,1
13266,1
13267,1
13268,1
13269,1
13270,0
13271,1
13272,0
13273,0
13274,1
13275,0
13276,1
13277,1
13278,0
13279,1
13280,1
13281,0
13282,0
13283,1
13284,0
13285,0
13286,1
13287,1
13288,1
13289,1
13290,1
13291,1
13292,0
13293,1
13294,1
13295,0
13296,1
13297,1
13298,1
13299,0
13300,0
13301,1
13302,0
13303,1
13304,0
13305,0
13306,0
13307,1
13308,1
13309,1
13310,0
13311,0
13312,0
13313,1
13314,1
13315,1
13316,0
13317,1
13318,1
13319,0
13320,1
13321,1
13322,0
13323,0
13324,1
13325,1
13326,0
13327,1
13328,0
13329,1
13330,1
13331,1
13332,1
13333,0
13334,1
13335,1
13336,1
13337,1
13338,1
13339,0
13340,0
13341,0
13342,1
13343,0
13344,1
13345,0
13346,1
13347,1
13348,1
13349,0
13350,1
13351,0
13352,0
13353,1
13354,1
13355,1
13356,0
13357,1
13358,0
13359,1
13360,0
13361,0
13362,0
13363,0
13364,1
13365,1
13366,1
13367,0
13368,0
13369,0
13370,0
13371,0
13372,0
13373,1
13374,0
13375,0
13376,1
13377,1
13378,1
13379,0
13380,0
13381,1
13382,0
13383,0
13384,1
13385,0
13386,1
13387,1
13388,0
13389,1
13390,0
13391,1
13392,0
13393,1
13394,0
13395,0
13396,0
13397,1
13398,0
13399,0
13400,1
13401,1
13402,1
13403,0
13404,1
13405,1
13406,1
13407,1
13408,1
13409,1
13410,1
13411,1
13412,1
13413,0
13414,0
13415,0
13416,1
13417,0
13418,0
13419,0
13420,1
13421,1
13422,1
13423,1
13424,1
13425,1
13426,0
13427,1
13428,1
13429,0
13430,1
13431,0
13432,1
13433,0
13434,0
13435,0
13436,1
13437,1
13438,0
13439,1
13440,0
13441,0
13442,1
13443,0
13444,1
13445,0
13446,1
13447,0
13448,0
13449,0
13450,0
13451,1
13452,1
13453,1
13454,0
13455,0
13456,0
13457,0
13458,1
13459,1
13460,0
13461,0
13462,1
13463,1
13464,0
13465,1
13466,1
13467,0
13468,1
13469,1
13470,0
13471,1
13472,0
13473,0
13474,1
13475,0
13476,0
13477,0
13478,0
13479,1
13480,1
13481,0
13482,0
13483,0
13484,1
13485,1
13486,0
13487,0
13488,0
13489,0
13490,1
13491,1
13492,1
13493,0
13494,0
13495,0
13496,1
13497,0
13498,1
13499,1
13500,1
13501,0
13502,0
13503,0
13504,0
13505,1
13506,1
13507,0
13508,1
13509,0
13510,0
13511,1
13512,1
13513,1
13514,1
13515,0
13516,0
13517,1
13518,1
13519,0
13520,0
13521,1
13522,1
13523,0
13524,1
13525,1
13526,1
13527,0
13528,1
13529,0
13530,0
13531,1
13532,0
13533,0
13534,1
13535,1
13536,1
13537,1
13538,1
13539,0
13540,0
13541,0
13542,0
13543,1
13544,1
13545,0
13546,1
13547,0
13548,0
13549,1
13550,0
13551,0
13552,0
13553,1
13554,0
13555,0
13556,1
13557,0
13558,0
13559,0
13560,1
13561,1
13562,1
13563,1
13564,1
13565,1
13566,0
13567,1
13568,1
13569,0
13570,0
13571,1
13572,0
13573,1
13574,0
13575,1
13576,0
13577,0
13578,1
13579,0
13580,0
13581,0
13582,0
13583,0
13584,0
13585,1
13586,1
13587,0
13588,0
13589,1
13590,1
13591,0
13592,0
13593,0
13594,0
13595,1
13596,0
13597,1
13598,0
13599,0
13600,1
13601,1
13602,1
13603,0
13604,0
13605,0
13606,0
13607,0
13608,1
13609,0
13610,0
13611,0
13612,1
13613,1
13614,0
13615,1
13616,0
13617,1
13618,1
13619,1
13620,1
13621,0
13622,0
13623,0
13624,0
13625,1
13626,0
13627,0
13628,1
13629,1
13630,0
13631,1
13632,1
13633,0
13634,0
13635,1
13636,0
13637,1
13638,0
13639,0
13640,1
13641,0
13642,0
13643,1
13644,0
13645,1
13646,1
13647,1
13648,0
13649,0
13650,1
13651,1
13652,0
13653,1
13654,0
13655,0
13656,0
13657,0
13658,0
13659,1
13660,1
13661,1
13662,1
13663,1
13664,1
13665,1
13666,1
13667,0
13668,0
13669,0
13670,1
13671,1
13672,1
13673,1
13674,1
13675,1
13676,1
13677,0
13678,1
13679,0
13680,1
13681,1
13682,0
13683,1
13684,1
13685,1
13686,1
13687,1
13688,0
13689,1
13690,1
13691,1
13692,0
13693,0
13694,0
13695,1
13696,0
13697,0
13698,0
13699,1
13700,1
13701,0
13702,0
13703,1
13704,0
13705,1
13706,0
13707,1
13708,1
13709,0
13710,1
13711,1
13712,1
13713,1
13714,0
13715,1
13716,0
13717,0
13718,0
13719,0
13720,0
13721,1
13722,1
13723,0
13724,0
13725,1
13726,0
13727,0
13728,0
13729,1
13730,0
13731,1
13732,0
13733,1
13734,0
13735,1
13736,0
13737,0
13738,1
13739,0
13740,1
13741,0
13742,1
13743,0
13744,1
13745,0
13746,1
13747,1
13748,1
13749,0
13750,1
13751,1
13752,0
13753,0
13754,1
13755,1
13756,1
13757,1
13758,1
13759,0
13760,0
13761,1
13762,1
13763,0
13764,1
13765,1
13766,0
13767,1
13768,1
13769,0
13770,0
13771,1
13772,0
13773,0
13774,0
13775,0
13776,1
13777,1
13778,1
13779,0
13780,1
13781,0
13782,1
13783,1
13784,0
13785,0
13786,0
13787,1
13788,1
13789,1
13790,0
13791,1
13792,1
13793,1
13794,0
13795,1
13796,0
13797,0
13798,1
13799,0
13800,1
13801,0
13802,0
13803,0
13804,0
13805,0
13806,1
13807,1
13808,1
13809,1
13810,1
13811,1
13812,1
13813,1
13814,1
13815,0
13816,0
13817,0
13818,1
13819,0
13820,1
13821,0
13822,1
13823,0
13824,1
13825,0
13826,0
13827,0
13828,1
13829,1
13830,1
13831,1
13832,1
13833,0
13834,0
13835,0
13836,1
13837,1
13838,1
13839,0
13840,1
13841,0
13842,0
13843,1
13844,0
13845,0
13846,1
13847,0
13848,0
13849,0
13850,0
13851,1
13852,0
13853,0
13854,0
13855,1
13856,1
13857,1
13858,1
13859,0
13860,1
13861,1
13862,0
13863,1
13864,1
13865,1
13866,1
13867,1
13868,1
13869,1
13870,0
13871,1
13872,1
13873,0
13874,1
13875,0
13876,1
13877,0
13878,0
13879,0
13880,1
13881,0
13882,1
13883,1
13884,0
13885,0
13886,0
13887,1
13888,1
13889,0
13890,0
13891,1
13892,1
13893,1
13894,0
13895,0
13896,1
13897,0
13898,0
13899,1
13900,1
13901,0
13902,1
13903,0
13904,1
13905,0
13906,0
13907,1
13908,0
13909,0
13910,0
13911,0
13912,0
13913,0
13914,0
13915,0
13916,1
13917,1
13918,1
13919,0
13920,1
13921,1
13922,1
13923,1
13924,1
13925,1
13926,1
13927,0
13928,0
13929,1
13930,1
13931,1
13932,0
13933,1
13934,1
13935,0
13936,0
13937,1
13938,0
13939,0
13940,0
13941,1
13942,1
13943,1
13944,1
13945,0
13946,0
13947,0
13948,1
13949,0
13950,1
13951,1
13952,0
13953,1
13954,1
13955,0
13956,1
13957,1
13958,0
13959,1
13960,1
13961,1
13962,0
13963,1
13964,0
13965,1
13966,1
13967,1
13968,1
13969,1
13970,1
13971,1
13972,1
13973,1
13974,1
13975,0
13976,0
13977,0
13978,1
13979,0
13980,0
13981,0
13982,1
13983,0
13984,0
13985,1
13986,1
13987,1
13988,0
13989,0
13990,0
13991,1
13992,1
13993,1
13994,0
13995,1
13996,1
13997,1
13998,1
13999,0
14000,1
14001,1
14002,0
14003,1
14004,1
14005,0
14006,1
14007,0
14008,1
14009,0
14010,0
14011,0
14012,1
14013,0
14014,1
14015,0
14016,0
14017,0
14018,0
14019,1
14020,1
14021,1
14022,1
14023,0
14024,1
14025,0
14026,0
14027,1
14028,0
14029,1
14030,1
14031,1
14032,0
14033,0
14034,1
14035,1
14036,0
14037,1
14038,0
14039,1
14040,0
14041,0
14042,1
14043,1
14044,0
14045,1
14046,1
14047,1
14048,1
14049,1
14050,0
14051,0
14052,1
14053,0
14054,0
14055,0
14056,0
14057,1
14058,0
14059,0
14060,1
14061,1
14062,1
14063,0
14064,0
14065,1
14066,1
14067,0
14068,0
14069,1
14070,1
14071,1
14072,0
14073,0
14074,0
14075,1
14076,1
14077,1
14078,0
14079,1
14080,1
14081,0
14082,0
14083,0
14084,1
14085,1
14086,1
14087,1
14088,1
14089,0
14090,1
14091,0
14092,0
14093,1
14094,0
14095,1
14096,1
14097,0
14098,1
14099,0
14100,1
14101,0
14102,1
14103,0
14104,1
14105,1
14106,0
14107,1
14108,1
14109,0
14110,0
14111,0
14112,0
14113,0
14114,1
14115,1
14116,0
14117,1
14118,0
14119,0
14120,1
14121,0
14122,0
14123,1
14124,1
14125,1
14126,0
14127,0
14128,0
14129,0
14130,0
14131,0
14132,0
14133,1
14134,0
14135,1
14136,1
14137,1
14138,0
14139,1
14140,1
14141,0
14142,0
14143,0
14144,0
14145,0
14146,0
14147,0
14148,1
14149,0
14150,1
14151,0
14152,0
14153,1
14154,1
14155,0
14156,0
14157,1
14158,1
14159,0
14160,0
14161,0
14162,1
14163,0
14164,0
14165,0
14166,1
14167,0
14168,0
14169,1
14170,1
14171,1
14172,0
14173,1
14174,1
14175,1
14176,1
14177,0
14178,1
14179,1
14180,0
14181,0
14182,0
14183,0
14184,0
14185,1
14186,1
14187,1
14188,1
14189,0
14190,1
14191,1
14192,0
14193,1
14194,1
14195,0
14196,1
14197,0
14198,1
14199,1
14200,0
14201,1
14202,0
14203,1
14204,0
14205,1
14206,0
14207,0
14208,1
14209,0
14210,1
14211,0
14212,0
14213,0
14214,0
14215,0
14216,0
14217,1
14218,1
14219,0
14220,0
14221,1
14222,0
14223,0
14224,1
14225,0
14226,0
14227,1
14228,0
14229,0
14230,0
14231,0
14232,0
14233,1
14234,1
14235,0
14236,0
14237,1
14238,1
14239,0
14240,0
14241,1
14242,0
14243,1
14244,1
14245,1
14246,1
14247,0
14248,0
14249,1
14250,1
14251,0
14252,1
14253,0
14254,1
14255,1
14256,1
14257,1
14258,0
14259,1
14260,0
14261,1
14262,1
14263,1
14264,0
14265,0
14266,0
14267,0
14268,1
14269,1
14270,1
14271,0
14272,1
14273,0
14274,1
14275,1
14276,1
14277,1
14278,0
14279,1
14280,1
14281,1
14282,1
14283,1
14284,1
14285,0
14286,1
14287,0
14288,1
14289,0
14290,1
14291,0
14292,0
14293,0
14294,0
14295,0
14296,1
14297,0
14298,0
14299,0
14300,0
14301,0
14302,0
14303,1
14304,1
14305,0
14306,0
14307,0
14308,0
14309,1
14310,0
14311,1
14312,0
14313,1
14314,1
14315,1
14316,0
14317,1
14318,1
14319,1
14320,0
14321,1
14322,1
14323,1
14324,0
14325,0
14326,1
14327,0
14328,1
14329,1
14330,1
14331,0
14332,0
14333,0
14334,0
14335,1
14336,1
14337,0
14338,0
14339,1
14340,1
14341,0
14342,0
14343,0
14344,1
14345,0
14346,0
14347,0
14348,0
14349,0
14350,1
14351,1
14352,1
14353,1
14354,1
14355,0
14356,1
14357,1
14358,0
14359,1
14360,1
14361,1
14362,0
14363,1
14364,1
14365,0
14366,0
14367,0
14368,0
14369,1
14370,0
14371,0
14372,1
14373,1
14374,1
14375,0
14376,1
14377,1
14378,1
14379,0
14380,1
14381,0
14382,0
14383,0
14384,1
14385,0
14386,1
14387,1
14388,1
14389,1
14390,1
14391,1
14392,0
14393,0
14394,0
14395,1
14396,0
14397,0
14398,0
14399,1
14400,1
14401,1
14402,0
14403,0
14404,1
14405,1
14406,1
14407,1
14408,1
14409,0
14410,0
14411,1
14412,1
14413,1
14414,1
14415,0
14416,0
14417,1
14418,1
14419,1
14420,1
14421,0
14422,0
14423,0
14424,0
14425,1
14426,0
14427,1
14428,0
14429,0
14430,1
14431,1
14432,1
14433,0
14434,1
14435,1
14436,0
14437,1
14438,1
14439,1
14440,0
14441,1
14442,0
14443,1
14444,1
14445,0
14446,1
14447,0
14448,0
14449,1
14450,1
14451,0
14452,0
14453,1
14454,0
14455,0
14456,1
14457,0
14458,0
14459,1
14460,1
14461,1
14462,1
14463,0
14464,0
14465,0
14466,1
14467,0
14468,0
14469,1
14470,1
14471,0
14472,0
14473,1
14474,1
14475,0
14476,1
14477,0
14478,1
14479,0
14480,0
14481,1
14482,1
14483,0
14484,1
14485,1
14486,0
14487,0
14488,1
14489,1
14490,1
14491,1
14492,1
14493,0
14494,0
14495,1
14496,1
14497,0
14498,0
14499,1
14500,0
14501,0
14502,0
14503,1
14504,1
14505,0
14506,1
14507,0
14508,0
14509,1
14510,1
14511,1
14512,1
14513,1
14514,1
14515,1
14516,0
14517,1
14518,1
14519,0
14520,1
14521,0
14522,0
14523,0
14524,0
14525,1
14526,0
14527,0
14528,1
14529,1
14530,1
14531,1
14532,0
14533,0
14534,0
14535,0
14536,0
14537,1
14538,1
14539,0
14540,1
14541,0
14542,0
14543,1
14544,1
14545,0
14546,1
14547,1
14548,1
14549,0
14550,1
14551,0
14552,1
14553,0
14554,1
14555,1
14556,1
14557,1
14558,1
14559,1
14560,1
14561,1
14562,1
14563,1
14564,0
14565,0
14566,1
14567,0
14568,1
14569,1
14570,1
14571,1
14572,1
14573,0
14574,1
14575,0
14576,0
14577,0
14578,1
14579,1
14580,0
14581,1
14582,0
14583,1
14584,0
14585,0
14586,0
14587,1
14588,0
14589,0
14590,0
14591,0
14592,1
14593,1
14594,0
14595,0
14596,0
14597,1
14598,0
14599,1
14600,1
14601,1
14602,1
14603,0
14604,0
14605,0
14606,0
14607,0
14608,1
14609,1
14610,1
14611,0
14612,1
14613,1
14614,1
14615,0
14616,0
14617,0
14618,1
14619,1
14620,1
14621,0
14622,0
14623,1
14624,1
14625,1
14626,1
14627,0
14628,0
14629,1
14630,1
14631,1
14632,1
14633,0
14634,0
14635,0
14636,1
14637,0
14638,0
14639,1
14640,1
14641,0
14642,0
14643,1
14644,1
14645,1
14646,1
14647,1
14648,1
14649,1
14650,1
14651,0
14652,1
14653,0
14654,0
14655,1
14656,0
14657,1
14658,1
14659,0
14660,0
14661,1
14662,1
14663,0
14664,0
14665,0
14666,1
14667,1
14668,0
14669,0
14670,0
14671,0
14672,1
14673,0
14674,1
14675,1
14676,1
14677,1
14678,0
14679,0
14680,1
14681,0
14682,1
14683,1
14684,1
14685,1
14686,1
14687,0
14688,0
14689,1
14690,1
14691,1
14692,1
14693,1
14694,0
14695,1
14696,1
14697,1
14698,1
14699,0
14700,1
14701,1
14702,1
14703,0
14704,0
14705,0
14706,1
14707,1
14708,0
14709,0
14710,0
14711,0
14712,0
14713,1
14714,0
14715,0
14716,1
14717,0
14718,0
14719,1
14720,1
14721,1
14722,0
14723,1
14724,1
14725,1
14726,0
14727,1
14728,0
14729,1
14730,0
14731,1
14732,1
14733,1
14734,1
14735,1
14736,1
14737,0
14738,0
14739,0
14740,1
14741,0
14742,1
14743,0
14744,1
14745,0
14746,0
14747,0
14748,0
14749,0
14750,0
14751,1
14752,1
14753,1
14754,1
14755,0
14756,0
14757,1
14758,0
14759,1
14760,0
14761,0
14762,0
14763,0
14764,0
14765,1
14766,1
14767,0
14768,0
14769,0
14770,0
14771,0
14772,0
14773,1
14774,0
14775,1
14776,1
14777,0
14778,1
14779,1
14780,0
14781,1
14782,1
14783,0
14784,1
14785,0
14786,0
14787,1
14788,1
14789,0
14790,1
14791,1
14792,0
14793,1
14794,0
14795,0
14796,1
14797,0
14798,1
14799,1
14800,1
14801,0
14802,1
14803,1
14804,1
14805,0
14806,1
14807,1
14808,0
14809,0
14810,0
14811,0
14812,0
14813,0
14814,1
14815,0
14816,0
14817,0
14818,1
14819,1
14820,0
14821,1
14822,0
14823,1
14824,0
14825,1
14826,1
14827,0
14828,1
14829,0
14830,1
14831,0
14832,1
14833,0
14834,1
14835,0
14836,1
14837,0
14838,0
14839,0
14840,0
14841,0
14842,1
14843,1
14844,1
14845,0
14846,1
14847,0
14848,0
14849,0
14850,0
14851,0
14852,0
14853,1
14854,0
14855,1
14856,0
14857,0
14858,0
14859,1
14860,0
14861,1
14862,1
14863,0
14864,1
14865,0
14866,0
14867,0
14868,0
14869,1
14870,1
14871,1
14872,1
14873,0
14874,0
14875,1
14876,1
14877,1
14878,1
14879,0
14880,0
14881,1
14882,1
14883,0
14884,1
14885,1
14886,1
14887,1
14888,1
14889,1
14890,0
14891,0
14892,1
14893,1
14894,0
14895,1
14896,0
14897,0
14898,0
14899,0
14900,0
14901,1
14902,0
14903,0
14904,1
14905,1
14906,0
14907,1
14908,1
14909,1
14910,1
14911,1
14912,1
14913,0
14914,0
14915,1
14916,1
14917,1
14918,1
14919,1
14920,1
14921,1
14922,1
14923,1
14924,0
14925,0
14926,1
14927,0
14928,0
14929,1
14930,0
14931,1
14932,1
14933,1
14934,1
14935,1
14936,1
14937,1
14938,1
14939,1
14940,0
14941,1
14942,0
14943,1
14944,0
14945,0
14946,1
14947,0
14948,0
14949,1
14950,1
14951,1
14952,1
14953,0
14954,1
14955,1
14956,1
14957,0
14958,1
14959,0
14960,0
14961,0
14962,1
14963,1
14964,1
14965,0
14966,0
14967,0
14968,0
14969,1
14970,0
14971,0
14972,0
14973,0
14974,0
14975,1
14976,0
14977,1
14978,1
14979,0
14980,0
14981,0
14982,1
14983,1
14984,0
14985,1
14986,1
14987,0
14988,1
14989,1
14990,0
14991,0
14992,1
14993,0
14994,1
14995,0
14996,1
14997,0
14998,1
14999,0
15000,1
15001,1
15002,1
15003,0
15004,1
15005,0
15006,0
15007,1
15008,1
15009,0
15010,0
15011,0
15012,1
15013,1
15014,0
15015,1
15016,1
15017,1
15018,1
15019,0
15020,1
15021,1
15022,0
15023,0
15024,0
15025,1
15026,1
15027,1
15028,0
15029,1
15030,1
15031,1
15032,0
15033,1
15034,1
15035,0
15036,0
15037,1
15038,0
15039,1
15040,0
15041,1
15042,0
15043,1
15044,1
15045,0
15046,1
15047,0
15048,0
15049,1
15050,1
15051,1
15052,0
15053,1
15054,1
15055,0
15056,1
15057,1
15058,1
15059,0
15060,0
15061,0
15062,1
15063,1
15064,1
15065,1
15066,1
15067,0
15068,1
15069,1
15070,0
15071,0
15072,0
15073,0
15074,1
15075,0
15076,1
15077,1
15078,0
15079,1
15080,1
15081,0
15082,1
15083,1
15084,1
15085,1
15086,0
15087,0
15088,0
15089,0
15090,0
15091,0
15092,1
15093,1
15094,1
15095,0
15096,0
15097,0
15098,0
15099,1
15100,1
15101,1
15102,1
15103,0
15104,1
15105,0
15106,0
15107,1
15108,1
15109,1
15110,0
15111,1
15112,1
15113,1
15114,0
15115,1
15116,0
15117,1
15118,1
15119,0
15120,0
15121,1
15122,1
15123,1
15124,1
15125,0
15126,0
15127,1
15128,1
15129,0
15130,0
15131,0
15132,1
15133,0
15134,0
15135,0
15136,0
15137,1
15138,1
15139,0
15140,0
15141,0
15142,0
15143,1
15144,1
15145,1
15146,1
15147,1
15148,0
15149,0
15150,0
15151,0
15152,1
15153,1
15154,0
15155,1
15156,0
15157,1
15158,0
15159,0
15160,1
15161,1
15162,1
15163,1
15164,1
15165,1
15166,0
15167,0
15168,1
15169,0
15170,1
15171,1
15172,1
15173,1
15174,0
15175,1
15176,1
15177,1
15178,1
15179,1
15180,1
15181,1
15182,1
15183,0
15184,0
15185,0
15186,0
15187,1
15188,1
15189,1
15190,0
15191,1
15192,0
15193,0
15194,0
15195,1
15196,0
15197,1
15198,1
15199,0
15200,1
15201,1
15202,1
15203,1
15204,1
15205,0
15206,1
15207,1
15208,0
15209,1
15210,0
15211,1
15212,1
15213,1
15214,0
15215,1
15216,0
15217,0
15218,1
15219,0
15220,0
15221,1
15222,0
15223,1
15224,1
15225,1
15226,1
15227,0
15228,1
15229,1
15230,0
15231,1
15232,1
15233,1
15234,0
15235,1
15236,1
15237,1
15238,0
15239,1
15240,1
15241,1
15242,1
15243,1
15244,1
15245,0
15246,0
15247,1
15248,0
15249,1
15250,1
15251,1
15252,0
15253,0
15254,0
15255,0
15256,1
15257,0
15258,0
15259,1
15260,1
15261,0
15262,1
15263,1
15264,1
15265,0
15266,0
15267,0
15268,1
15269,1
15270,1
15271,0
15272,0
15273,0
15274,1
15275,0
15276,1
15277,0
15278,1
15279,1
15280,1
15281,1
15282,0
15283,1
15284,0
15285,1
15286,1
15287,0
15288,1
15289,1
15290,1
15291,1
15292,1
15293,1
15294,1
15295,1
15296,0
15297,1
15298,0
15299,0
15300,0
15301,1
15302,1
15303,1
15304,1
15305,0
15306,0
15307,0
15308,1
15309,0
15310,0
15311,0
15312,0
15313,0
15314,1
15315,1
15316,0
15317,0
15318,0
15319,0
15320,1
15321,0
15322,0
15323,0
15324,1
15325,0
15326,1
15327,0
15328,1
15329,1
15330,1
15331,1
15332,0
15333,0
15334,1
15335,1
15336,0
15337,1
15338,1
15339,1
15340,0
15341,0
15342,1
15343,1
15344,1
15345,0
15346,1
15347,1
15348,0
15349,1
15350,0
15351,1
15352,1
15353,1
15354,1
15355,1
15356,1
15357,1
15358,0
15359,0
15360,1
15361,0
15362,0
15363,0
15364,0
15365,1
15366,0
15367,1
15368,0
15369,1
15370,1
15371,1
15372,1
15373,0
15374,0
15375,0
15376,0
15377,0
15378,0
15379,0
15380,0
15381,1
15382,0
15383,1
15384,1
15385,0
15386,1
15387,1
15388,0
15389,0
15390,1
15391,0
15392,0
15393,0
15394,0
15395,1
15396,0
15397,0
15398,0
15399,1
15400,0
15401,1
15402,0
15403,1
15404,0
15405,1
15406,1
15407,0
15408,1
15409,1
15410,0
15411,0
15412,1
15413,0
15414,0
15415,0
15416,1
15417,0
15418,1
15419,1
15420,1
15421,1
15422,0
15423,1
15424,0
15425,1
15426,1
15427,0
15428,0
15429,0
15430,1
15431,1
15432,1
15433,0
15434,1
15435,1
15436,1
15437,1
15438,1
15439,1
15440,0
15441,0
15442,0
15443,1
15444,1
15445,1
15446,0
15447,0
15448,0
15449,0
15450,1
15451,1
15452,0
15453,1
15454,0
15455,1
15456,0
15457,0
15458,1
15459,1
15460,1
15461,1
15462,1
15463,0
15464,0
15465,0
15466,0
15467,0
15468,0
15469,1
15471,0
15472,0
15473,0
15474,0
15475,0
15476,1
15477,1
15478,1
15479,1
15480,1
15481,1
15482,1
15483,1
15484,0
15485,0
15486,0
15487,0
15488,0
15489,0
15490,1
15491,1
15492,0
15493,1
15494,1
15495,1
15496,1
15497,1
15498,1
15499,1
15500,1
15501,0
15502,0
15503,1
15504,1
15505,1
15506,1
15508,1
15509,0
15510,0
15511,1
15512,1
15513,1
15514,1
15515,0
15516,0
15517,0
15518,0
15519,1
15520,0
15521,1
15522,1
15523,0
15524,0
15525,0
15526,1
15527,1
15528,0
15529,1
15530,1
15531,0
15532,1
15533,1
15534,1
15535,1
15536,0
15537,0
15538,0
15539,0
15540,1
15541,1
15542,1
15543,1
15544,1
15545,0
15546,0
15547,1
15548,1
15549,1
15550,0
15551,0
15552,1
15553,0
15554,0
15555,0
15556,1
15557,1
15558,1
15559,0
15560,1
15561,0
15562,0
15563,0
15564,1
15565,0
15566,1
15567,1
15568,0
15569,1
15570,0
15571,0
15572,1
15573,1
15574,0
15575,1
15576,1
15577,1
15578,1
15579,0
15580,1
15581,1
15582,1
15583,0
15584,1
15585,0
15586,1
15587,0
15588,1
15589,0
15590,1
15591,1
15592,1
15593,0
15594,1
15595,1
15596,1
15597,1
15598,1
15599,0
15600,1
15601,0
15602,0
15603,1
15604,1
15605,1
15606,0
15607,1
15608,0
15609,1
15610,1
15611,0
15612,0
15613,1
15614,1
15615,1
15616,1
15617,0
15618,0
15619,0
15620,1
15621,0
15622,1
15623,1
15624,0
15625,0
15626,1
15627,0
15628,0
15629,0
15630,0
15631,0
15632,1
15633,1
15634,1
15635,1
15636,0
15637,1
15638,0
15639,0
15640,1
15641,0
15642,0
15643,1
15644,0
15645,0
15646,1
15647,0
15648,0
15649,1
15650,0
15651,1
15652,1
15653,1
15654,0
15655,0
15656,1
15657,0
15658,1
15659,0
15660,0
15661,1
15662,1
15663,1
15664,1
15665,0
15666,0
15667,1
15668,0
15669,1
15670,1
15671,0
15672,0
15673,1
15674,1
15675,1
15676,1
15677,0
15678,1
15679,0
15680,0
15681,1
15682,1
15683,1
15684,0
15685,0
15686,0
15687,0
15688,0
15689,1
15690,0
15691,1
15692,1
15693,1
15694,1
15695,1
15696,0
15697,1
15698,1
15699,0
15700,0
15701,0
15702,0
15703,0
15704,0
15705,0
15706,1
15707,1
15708,1
15709,1
15710,0
15711,1
15712,0
15713,0
15714,0
15715,1
15716,1
15717,0
15718,1
15719,1
15720,0
15721,0
15722,0
15723,0
15724,1
15725,1
15726,1
15727,1
15728,0
15729,0
15730,1
15731,1
15732,1
15733,0
15734,1
15735,1
15736,0
15737,1
15738,1
15739,1
15740,1
15741,0
15742,0
15743,1
15744,0
15745,1
15746,0
15747,0
15748,1
15749,1
15750,1
15751,0
15752,0
15753,0
15754,1
15755,0
15756,1
15757,0
15758,1
15759,0
15760,0
15761,1
15762,1
15763,0
15764,1
15765,0
15766,0
15767,1
15768,0
15769,0
15770,0
15771,0
15772,0
15773,1
15774,1
15775,0
15776,0
15777,1
15778,0
15779,0
15780,1
15781,0
15782,0
15783,1
15784,0
15785,1
15786,1
15787,0
15788,1
15789,0
15790,0
15791,0
15792,1
15793,1
15794,1
15795,1
15796,1
15797,1
15798,1
15799,1
15800,0
15801,0
15802,1
15803,0
15804,1
15805,1
15806,1
15807,1
15808,0
15809,0
15810,0
15811,0
15812,1
15813,1
15814,0
15815,1
15816,0
15817,1
15818,1
15819,0
15820,1
15821,1
15822,1
15823,1
15824,0
15825,1
15826,0
15827,1
15828,0
15829,0
15830,1
15831,1
15832,0
15833,0
15834,1
15835,1
15836,0
15837,1
15838,1
15839,1
15840,0
15841,1
15842,0
15843,0
15844,0
15845,0
15846,0
15847,1
15848,1
15849,1
15850,0
15851,0
15852,1
15853,0
15854,1
15855,1
15856,1
15857,1
15858,0
15859,1
15860,1
15861,0
15862,0
15863,0
15864,1
15865,0
15866,1
15867,1
15868,0
15869,0
15870,0
15871,1
15872,1
15873,0
15874,1
15875,1
15876,1
15877,0
15878,1
15879,1
15880,0
15881,0
15882,1
15883,0
15884,1
15885,1
15886,1
15887,0
15888,0
15889,0
15890,1
15891,1
15892,1
15893,0
15894,0
15895,0
15896,1
15897,0
15898,0
15899,0
15900,1
15901,0
15902,1
15903,0
15904,0
15905,0
15906,1
15907,1
15908,1
15909,0
15910,1
15911,0
15912,1
15913,0
15914,1
15915,0
15916,1
15917,0
15918,0
15919,1
15920,0
15921,1
15922,1
15923,1
15924,1
15925,0
15926,1
15927,0
15928,0
15929,0
15930,0
15931,1
15932,1
15933,1
15934,1
15935,0
15936,0
15937,0
15938,0
15939,0
15940,0
15941,1
15942,0
15943,1
15944,0
15945,1
15946,1
15947,1
15948,1
15949,0
15950,0
15951,0
15952,0
15953,1
15954,0
15955,0
15956,0
15957,0
15958,1
15959,1
15960,0
15961,1
15962,1
15963,1
15964,1
15965,1
15966,0
15967,1
15968,1
15969,1
15970,0
15971,1
15972,1
15973,1
15974,0
15975,0
15976,1
15977,1
15978,1
15979,1
15980,0
15981,0
15982,0
15983,1
15984,0
15985,0
15986,0
15987,1
15988,0
15989,1
15990,1
15991,1
15992,0
15993,1
15994,1
15995,0
15996,0
15997,1
15998,1
15999,1
16000,0
16001,1
16002,0
16003,1
16004,0
16005,0
16006,1
16007,0
16008,0
16009,1
16010,0
16011,0
16012,1
16013,1
16014,1
16015,1
16016,1
16017,0
16018,0
16019,1
16020,0
16021,0
16022,0
16023,0
16024,0
16025,1
16026,1
16027,0
16028,0
16029,0
16030,0
16031,1
16032,1
16033,0
16034,0
16035,1
16036,1
16037,0
16038,1
16039,0
16040,0
16041,0
16042,0
16043,1
16044,0
16045,0
16046,1
16047,1
16048,0
16049,0
16050,0
16051,0
16052,0
16053,1
16054,1
16055,1
16056,0
16057,1
16058,1
16059,1
16060,1
16061,0
16062,0
16063,1
16064,1
16065,0
16066,0
16067,1
16068,1
16069,0
16070,0
16071,1
16072,1
16073,0
16074,1
16075,0
16076,1
16077,1
16078,0
16079,0
16080,1
16081,1
16082,1
16083,0
16084,1
16085,1
16086,1
16087,0
16088,0
16089,1
16090,0
16091,1
16092,1
16093,1
16094,0
16095,0
16096,1
16097,1
16098,1
16099,1
16100,1
16101,1
16102,1
16103,1
16104,1
16105,1
16106,1
16107,0
16108,1
16109,0
16110,0
16111,0
16112,0
16113,0
16114,1
16115,0
16116,0
16117,1
16118,0
16119,1
16120,0
16121,1
16122,1
16123,1
16124,0
16125,1
16126,1
16127,1
16128,1
16129,0
16130,1
16131,1
16132,1
16133,1
16134,1
16135,1
16136,1
16137,1
16138,1
16139,1
16140,1
16141,0
16142,0
16143,1
16144,0
16145,0
16146,0
16147,0
16148,0
16149,0
16150,0
16151,1
16152,1
16153,1
16154,1
16155,0
16156,0
16157,0
16158,0
16159,0
16160,1
16161,1
16162,1
16163,1
16164,0
16165,1
16166,1
16167,0
16168,1
16169,0
16170,1
16171,1
16172,1
16173,1
16174,1
16175,0
16176,1
16177,1
16178,0
16179,1
16180,0
16181,1
16182,1
16183,1
16184,1
16185,0
16186,0
16187,1
16188,0
16189,1
16190,0
16191,1
16192,0
16193,0
16194,1
16195,0
16196,1
16197,1
16198,1
16199,1
16200,1
16201,1
16202,1
16203,0
16204,1
16205,1
16206,0
16207,0
16208,1
16209,1
16210,0
16211,0
16212,0
16213,1
16214,1
16215,0
16216,1
16217,1
16218,0
16219,1
16220,0
16221,0
16222,1
16223,1
16224,0
16225,0
16226,1
16227,0
16228,0
16229,0
16230,1
16231,0
16232,1
16233,1
16234,0
16235,1
16236,0
16237,0
16238,1
16239,0
